日期,股票代码,名称,收盘价,最高价,最低价,开盘价,前收盘,涨跌额,涨跌幅,换手率,成交量,成交金额,总市值,流通市值
2021-06-21,'601598,中国外运,4.98,5.03,4.73,4.78,4.79,0.19,3.9666,4.7683,64450164,318493610.0,36856003297.5,6731153410.38
2021-06-18,'601598,中国外运,4.79,5.01,4.76,4.89,4.73,0.06,1.2685,4.3824,59234336,288469539.0,35449850561.2,6474342336.49
2021-06-17,'601598,中国外运,4.73,4.79,4.6,4.61,4.64,0.09,1.9397,2.2666,30636344,144716648.0,35005802328.8,6393244102.63
2021-06-16,'601598,中国外运,4.64,4.78,4.57,4.66,4.68,-0.04,-0.8547,2.2963,31038254,145485683.0,34339729980.0,6271596751.84
2021-06-15,'601598,中国外运,4.68,4.77,4.66,4.73,4.71,-0.03,-0.6369,2.2806,30825603,145039268.0,34635762135.0,6325662241.08
2021-06-11,'601598,中国外运,4.71,4.75,4.64,4.68,4.68,0.03,0.641,2.0627,27880775,131272410.0,34857786251.2,6366211358.01
2021-06-10,'601598,中国外运,4.68,4.73,4.56,4.6,4.58,0.1,2.1834,2.3044,31147416,145586122.0,34635762135.0,6325662241.08
2021-06-09,'601598,中国外运,4.58,4.63,4.47,4.52,4.51,0.07,1.5521,1.8689,25261379,115793139.0,33895681747.5,6190498517.98
2021-06-08,'601598,中国外运,4.51,4.54,4.47,4.49,4.5,0.01,0.2222,1.1606,15687263,70746175.0,33377625476.2,6095883911.81
2021-06-07,'601598,中国外运,4.5,4.6,4.48,4.54,4.56,-0.06,-1.3158,1.802,24356885,110362409.0,33303617437.5,6082367539.5
2021-06-04,'601598,中国外运,4.56,4.63,4.53,4.62,4.62,-0.06,-1.2987,2.021,27317259,124696165.0,33747665670.0,6163465773.36
2021-06-03,'601598,中国外运,4.62,4.69,4.61,4.68,4.69,-0.07,-1.4925,2.0578,27814483,128996502.0,34191713902.5,6244564007.22
2021-06-02,'601598,中国外运,4.69,4.72,4.56,4.64,4.61,0.08,1.7354,2.7082,36605262,170851188.0,34709770173.8,6339178613.39
2021-06-01,'601598,中国外运,4.61,4.67,4.58,4.61,4.6,0.01,0.2174,1.9122,25845769,119260980.0,34117705863.8,6231047634.91
2021-05-31,'601598,中国外运,4.6,4.7,4.56,4.69,4.65,-0.05,-1.0753,2.3141,31278346,143951611.0,34043697825.0,6217531262.6
2021-05-28,'601598,中国外运,4.65,4.8,4.62,4.8,4.76,-0.11,-2.3109,2.5526,34502284,162051725.0,34413738018.8,6285113124.15
2021-05-27,'601598,中国外运,4.76,4.85,4.72,4.74,4.75,0.01,0.2105,2.0539,27760885,132477472.0,35227826445.0,6433793219.56
2021-05-26,'601598,中国外运,4.75,4.83,4.73,4.83,4.79,-0.04,-0.8351,2.0474,27673390,131853332.0,35153818406.2,6420276847.25
2021-05-25,'601598,中国外运,4.79,4.83,4.68,4.8,4.78,0.01,0.2092,2.05,27708298,131848368.0,35449850561.2,6474342336.49
2021-05-24,'601598,中国外运,4.78,4.94,4.74,4.86,4.82,-0.04,-0.8299,2.3839,32222173,155079158.0,35375842522.5,6460825964.18
2021-05-21,'601598,中国外运,4.82,4.87,4.74,4.84,4.81,0.01,0.2079,1.7424,23551327,113640411.0,35671874677.5,6514891453.42
2021-05-20,'601598,中国外运,4.81,5.01,4.78,4.97,4.95,-0.14,-2.8283,2.5907,35016699,170135957.0,35597866638.8,6501375081.11
2021-05-19,'601598,中国外运,4.95,5.09,4.93,5.08,5.11,-0.16,-3.1311,2.1744,29389493,146369115.0,36633979181.2,6690604293.45
2021-05-18,'601598,中国外运,5.11,5.24,5.07,5.24,5.2,-0.09,-1.7308,2.1929,29640654,152063791.0,37818107801.2,6906866250.41
2021-05-17,'601598,中国外运,5.2,5.35,5.12,5.23,5.31,-0.11,-2.0716,4.366,59012330,307170504.0,38484180150.0,7028513601.2
2021-05-14,'601598,中国外运,5.31,5.32,5.06,5.07,5.03,0.28,5.5666,4.1721,56391788,295708238.0,39298268576.2,7177193696.61
2021-05-13,'601598,中国外运,5.03,5.21,5.02,5.17,5.2,-0.17,-3.2692,2.6257,35489712,180492448.0,37226043491.2,6798735271.93
2021-05-12,'601598,中国外运,5.2,5.22,5.08,5.15,5.18,0.02,0.3861,3.2452,43862824,226677279.0,38484180150.0,7028513601.2
2021-05-11,'601598,中国外运,5.18,5.23,4.98,5.08,5.09,0.09,1.7682,3.1526,42612324,217990951.0,38336164072.5,7001480856.58
2021-05-10,'601598,中国外运,5.09,5.13,4.94,4.96,5.04,0.05,0.9921,2.3498,31760459,160736982.0,37670091723.8,6879833505.79
2021-05-07,'601598,中国外运,5.04,5.15,4.93,4.94,4.96,0.08,1.6129,3.7173,50244394,255146000.0,37300051530.0,6812251644.24
2021-05-06,'601598,中国外运,4.96,5.16,4.94,4.95,4.88,0.08,1.6393,3.6864,49826941,251180514.0,36707987220.0,6704120665.76
2021-04-30,'601598,中国外运,4.88,5.02,4.8,4.86,4.86,0.02,0.4115,3.0121,40712740,199652055.0,36115922910.0,6595989687.28
2021-04-29,'601598,中国外运,4.86,4.94,4.7,4.74,4.7,0.16,3.4043,3.5988,48643236,235907609.0,35967906832.5,6568956942.66
2021-04-28,'601598,中国外运,4.7,4.83,4.64,4.79,4.79,-0.09,-1.8789,2.0972,28346067,133948956.0,34783778212.5,6352694985.7
2021-04-27,'601598,中国外运,4.79,4.8,4.67,4.7,4.68,0.11,2.3504,2.0714,27997206,133305529.0,35449850561.2,6474342336.49
2021-04-26,'601598,中国外运,4.68,4.75,4.66,4.72,4.7,-0.02,-0.4255,1.3486,18228680,85896407.0,34635762135.0,6325662241.08
2021-04-23,'601598,中国外运,4.7,4.74,4.62,4.7,4.7,0.0,0.0,1.408,19031692,89065114.0,34783778212.5,6352694985.7
2021-04-22,'601598,中国外运,4.7,4.75,4.6,4.61,4.61,0.09,1.9523,1.4573,19698000,92409387.0,34783778212.5,6352694985.7
2021-04-21,'601598,中国外运,4.61,4.65,4.52,4.61,4.61,0.0,0.0,1.0963,14817810,67970415.0,34117705863.8,6231047634.91
2021-04-20,'601598,中国外运,4.61,4.73,4.59,4.68,4.67,-0.06,-1.2848,1.547,20910003,97190103.0,34117705863.8,6231047634.91
2021-04-19,'601598,中国外运,4.67,4.75,4.65,4.73,4.73,-0.06,-1.2685,1.8494,24996570,117367891.0,34561754096.2,6312145868.77
2021-04-16,'601598,中国外运,4.73,4.76,4.66,4.69,4.66,0.07,1.5021,1.7416,23539625,111090613.0,35005802328.8,6393244102.63
2021-04-15,'601598,中国外运,4.66,4.69,4.61,4.64,4.68,-0.02,-0.4274,1.3588,18366581,85464735.0,34487746057.5,6298629496.46
2021-04-14,'601598,中国外运,4.68,4.71,4.51,4.58,4.57,0.11,2.407,1.9573,26455606,122449834.0,34635762135.0,6325662241.08
2021-04-13,'601598,中国外运,4.57,4.61,4.52,4.58,4.6,-0.03,-0.6522,1.428,19301166,88116613.0,33821673708.8,6176982145.67
2021-04-12,'601598,中国外运,4.6,4.64,4.53,4.58,4.56,0.04,0.8772,1.8583,25117940,115452511.0,34043697825.0,6217531262.6
2021-04-09,'601598,中国外运,4.56,4.72,4.55,4.64,4.61,-0.05,-1.0846,2.4294,32836727,151535350.0,33747665670.0,6163465773.36
2021-04-08,'601598,中国外运,4.61,4.78,4.59,4.76,4.83,-0.22,-4.5549,4.7971,64838840,303483740.0,34117705863.8,6231047634.91
2021-04-07,'601598,中国外运,4.83,4.84,4.53,4.59,4.4,0.43,9.7727,6.9815,94364192,445381255.0,35745882716.2,6528407825.73
2021-04-06,'601598,中国外运,4.4,4.43,4.32,4.35,4.36,0.04,0.9174,1.6109,21772896,95473903.0,32563537050.0,5947203816.4
2021-04-02,'601598,中国外运,4.36,4.41,4.25,4.29,4.31,0.05,1.1601,1.9926,26932181,117095559.0,32267504895.0,5893138327.16
2021-04-01,'601598,中国外运,4.31,4.34,4.22,4.27,4.3,0.01,0.2326,1.7883,24170865,103543763.0,31897464701.2,5825556465.61
2021-03-31,'601598,中国外运,4.3,4.36,4.21,4.32,4.2,0.1,2.381,2.7922,37739822,160909303.0,31823456662.5,5812040093.3
2021-03-30,'601598,中国外运,4.2,4.25,4.12,4.25,4.24,-0.04,-0.9434,1.5016,20295872,84679256.0,31083376275.0,5676876370.2
2021-03-29,'601598,中国外运,4.24,4.3,4.2,4.25,4.22,0.02,0.4739,1.7757,24001234,101835908.0,31379408430.0,5730941859.44
2021-03-26,'601598,中国外运,4.22,4.31,4.2,4.29,4.28,-0.06,-1.4019,1.8976,25648817,108695856.0,31231392352.5,5703909114.82
2021-03-25,'601598,中国外运,4.28,4.35,4.21,4.25,4.3,-0.02,-0.4651,1.8125,24497876,104673890.0,31675440585.0,5785007348.68
2021-03-24,'601598,中国外运,4.3,4.63,4.26,4.6,4.62,-0.32,-6.9264,3.3511,45295156,199990611.0,31823456662.5,5812040093.3
2021-03-23,'601598,中国外运,4.62,4.71,4.51,4.71,4.68,-0.06,-1.2821,1.9418,26246313,121119710.0,34191713902.5,6244564007.22
2021-03-22,'601598,中国外运,4.68,4.77,4.66,4.73,4.69,-0.01,-0.2132,1.8883,25523399,120099171.0,34635762135.0,6325662241.08
2021-03-19,'601598,中国外运,4.69,4.82,4.64,4.74,4.79,-0.1,-2.0877,2.0951,28318769,133550542.0,34709770173.8,6339178613.39
2021-03-18,'601598,中国外运,4.79,4.84,4.72,4.83,4.81,-0.02,-0.4158,1.8206,24607321,117421295.0,35449850561.2,6474342336.49
2021-03-17,'601598,中国外运,4.81,4.85,4.65,4.73,4.76,0.05,1.0504,2.456,33196616,158054340.0,35597866638.8,6501375081.11
2021-03-16,'601598,中国外运,4.76,4.85,4.71,4.77,4.78,-0.02,-0.4184,1.7968,24286394,115899849.0,35227826445.0,6433793219.56
2021-03-15,'601598,中国外运,4.78,4.88,4.71,4.76,4.8,-0.02,-0.4167,2.2958,31030566,148517801.0,35375842522.5,6460825964.18
2021-03-12,'601598,中国外运,4.8,4.86,4.6,4.68,4.66,0.14,3.0043,3.5353,47784553,227502796.0,35523858600.0,6487858708.8
2021-03-11,'601598,中国外运,4.66,4.72,4.52,4.52,4.5,0.16,3.5556,2.746,37115451,172598101.0,34487746057.5,6298629496.46
2021-03-10,'601598,中国外运,4.5,4.6,4.47,4.51,4.51,-0.01,-0.2217,2.0112,27184765,123384307.0,33303617437.5,6082367539.5
2021-03-09,'601598,中国外运,4.51,4.58,4.36,4.46,4.47,0.04,0.8949,2.5757,34813850,156451265.0,33377625476.2,6095883911.81
2021-03-08,'601598,中国外运,4.47,4.7,4.47,4.62,4.59,-0.12,-2.6144,1.9758,26705848,121581166.0,33081593321.2,6041818422.57
2021-03-05,'601598,中国外运,4.59,4.73,4.54,4.6,4.63,-0.04,-0.8639,1.879,25397170,116918041.0,33969689786.2,6204014890.29
2021-03-04,'601598,中国外运,4.63,4.83,4.59,4.59,4.59,0.04,0.8715,2.971,40157334,189028951.0,34265721941.2,6258080379.53
2021-03-03,'601598,中国外运,4.59,4.63,4.44,4.49,4.5,0.09,2.0,2.484,33574186,152997563.0,33969689786.2,6204014890.29
2021-03-02,'601598,中国外运,4.5,4.54,4.4,4.53,4.53,-0.03,-0.6623,2.8323,38282433,170691191.0,33303617437.5,6082367539.5
2021-03-01,'601598,中国外运,4.53,4.59,4.5,4.52,4.52,0.01,0.2212,1.9494,26349125,119465334.0,33525641553.8,6122916656.43
2021-02-26,'601598,中国外运,4.52,4.59,4.47,4.52,4.59,-0.07,-1.5251,2.1866,29555001,133799821.0,33451633515.0,6109400284.12
2021-02-25,'601598,中国外运,4.59,4.6,4.47,4.54,4.51,0.08,1.7738,2.5023,33822312,153734207.0,33969689786.2,6204014890.29
2021-02-24,'601598,中国外运,4.51,4.59,4.48,4.52,4.56,-0.05,-1.0965,2.3286,31474521,142642014.0,33377625476.2,6095883911.81
2021-02-23,'601598,中国外运,4.56,4.62,4.46,4.51,4.55,0.01,0.2198,2.6341,35603514,161561413.0,33747665670.0,6163465773.36
2021-02-22,'601598,中国外运,4.55,4.64,4.45,4.46,4.44,0.11,2.4775,4.3222,58420411,267072445.0,33673657631.2,6149949401.05
2021-02-19,'601598,中国外运,4.44,4.5,4.22,4.26,4.25,0.19,4.4706,3.2051,43320765,189415829.0,32859569205.0,6001269305.64
2021-02-18,'601598,中国外运,4.25,4.29,4.1,4.16,4.09,0.16,3.912,3.3455,45218877,190365305.0,31453416468.8,5744458231.75
2021-02-10,'601598,中国外运,4.09,4.2,4.04,4.1,4.08,0.01,0.2451,2.0091,27155516,111389452.0,30269287848.8,5528196274.79
2021-02-09,'601598,中国外运,4.08,4.1,3.93,3.95,3.94,0.14,3.5533,2.1662,29279546,118801601.0,30195279810.0,5514679902.48
2021-02-08,'601598,中国外运,3.94,3.98,3.78,3.9,3.89,0.05,1.2853,1.6893,22833448,89021026.0,29159167267.5,5325450690.14
2021-02-05,'601598,中国外运,3.89,4.07,3.88,3.97,4.01,-0.12,-2.9925,1.7809,24071944,95172711.0,28789127073.8,5257868828.59
2021-02-04,'601598,中国外运,4.01,4.08,3.94,4.07,4.06,-0.05,-1.2315,1.6367,22122516,88363415.0,29677223538.8,5420065296.31
2021-02-03,'601598,中国外运,4.06,4.12,4.03,4.09,4.09,-0.03,-0.7335,1.5298,20677633,84169117.0,30047263732.5,5487647157.86
2021-02-02,'601598,中国外运,4.09,4.12,3.96,3.98,4.0,0.09,2.25,2.5589,34586821,140305522.0,30269287848.8,5528196274.79
2021-02-01,'601598,中国外运,4.0,4.01,3.8,3.85,3.84,0.16,4.1667,3.0277,40923146,161818278.0,29603215500.0,5406548924.0
2021-01-29,'601598,中国外运,3.84,4.01,3.81,3.96,3.95,-0.11,-2.7848,2.4291,32832210,127770693.0,28419086880.0,5190286967.04
2021-01-28,'601598,中国外运,3.95,4.12,3.91,4.1,4.1,-0.15,-3.6585,2.7073,36592411,146549194.0,29233175306.2,5338967062.45
2021-01-27,'601598,中国外运,4.1,4.16,4.05,4.08,4.08,0.02,0.4902,1.4347,19391783,79856259.0,30343295887.5,5541712647.1
2021-01-26,'601598,中国外运,4.08,4.1,4.02,4.05,4.03,0.05,1.2407,1.8022,24358904,98965147.0,30195279810.0,5514679902.48
2021-01-25,'601598,中国外运,4.03,4.24,4.02,4.23,4.23,-0.2,-4.7281,3.6182,48904978,200706297.0,29825239616.2,5447098040.93
2021-01-22,'601598,中国外运,4.23,4.34,4.19,4.34,4.33,-0.1,-2.3095,2.6679,36059752,152745666.0,31305400391.2,5717425487.13
2021-01-21,'601598,中国外运,4.33,4.37,4.23,4.27,4.27,0.06,1.4052,2.4544,33174150,142871157.0,32045480778.8,5852589210.23
2021-01-20,'601598,中国外运,4.27,4.3,4.25,4.3,4.31,-0.04,-0.9281,1.662,22463778,96048571.0,31601432546.2,5771490976.37
2021-01-19,'601598,中国外运,4.31,4.39,4.28,4.38,4.37,-0.06,-1.373,2.4407,32989623,142551928.0,31897464701.2,5825556465.61
2021-01-18,'601598,中国外运,4.37,4.4,4.23,4.23,4.29,0.08,1.8648,3.4628,46804877,202797416.0,32341512933.8,5906654699.47
2021-01-15,'601598,中国外运,4.29,4.39,4.26,4.31,4.33,-0.04,-0.9238,2.8235,38163349,164534024.0,31749448623.8,5798523720.99
2021-01-14,'601598,中国外运,4.33,4.47,4.26,4.28,4.31,0.02,0.464,3.5001,47308572,206620304.0,32045480778.8,5852589210.23
2021-01-13,'601598,中国外运,4.31,4.41,4.19,4.22,4.23,0.08,1.8913,3.8289,51753014,222388972.0,31897464701.2,5825556465.61
2021-01-12,'601598,中国外运,4.23,4.33,4.19,4.22,4.23,0.0,0.0,3.2081,43361226,184393973.0,31305400391.2,5717425487.13
2021-01-11,'601598,中国外运,4.23,4.53,4.19,4.53,4.54,-0.31,-6.8282,5.4151,73192685,315774884.0,31305400391.2,5717425487.13
2021-01-08,'601598,中国外运,4.54,4.66,4.48,4.6,4.64,-0.1,-2.1552,3.8185,51612291,234602655.0,33599649592.5,6136433028.74
2021-01-07,'601598,中国外运,4.64,4.84,4.51,4.56,4.57,0.07,1.5317,6.3591,85951540,400472840.0,34339729980.0,6271596751.84
2021-01-06,'601598,中国外运,4.57,4.88,4.51,4.88,4.75,-0.18,-3.7895,7.2526,98028282,452304131.0,33821673708.8,6176982145.67
2021-01-05,'601598,中国外运,4.75,4.75,4.36,4.37,4.32,0.43,9.9537,6.0348,81567986,372199114.0,35153818406.2,6420276847.25
2021-01-04,'601598,中国外运,4.32,4.35,4.22,4.34,4.4,-0.08,-1.8182,3.8214,51651703,221397084.0,31971472740.0,5839072837.92
2020-12-31,'601598,中国外运,4.4,4.54,4.32,4.41,4.41,-0.01,-0.2268,4.5151,61027300,268741559.0,32563537050.0,5947203816.4
2020-12-30,'601598,中国外运,4.41,4.43,4.32,4.38,4.48,-0.07,-1.5625,4.84,65419862,285893043.0,32637545088.8,5960720188.71
2020-12-29,'601598,中国外运,4.48,4.57,4.25,4.31,4.26,0.22,5.1643,6.0214,81387610,359223912.0,33155601360.0,6055334794.88
2020-12-28,'601598,中国外运,4.26,4.33,4.2,4.21,4.23,0.03,0.7092,2.1255,28728673,122452074.0,31527424507.5,5757974604.06
2020-12-25,'601598,中国外运,4.23,4.32,4.17,4.17,4.19,0.04,0.9547,2.229,30127952,128089002.0,31305400391.2,5717425487.13
2020-12-24,'601598,中国外运,4.19,4.31,4.16,4.26,4.28,-0.09,-2.1028,2.2837,30866705,130410506.0,31009368236.2,5663359997.89
2020-12-23,'601598,中国外运,4.28,4.37,4.24,4.27,4.27,0.01,0.2342,2.4346,32906999,141317444.0,31675440585.0,5785007348.68
2020-12-22,'601598,中国外运,4.27,4.42,4.24,4.29,4.33,-0.06,-1.3857,3.191,43131242,186994931.0,31601432546.2,5771490976.37
2020-12-21,'601598,中国外运,4.33,4.39,4.22,4.37,4.4,-0.07,-1.5909,3.7977,51331515,220425819.0,32045480778.8,5852589210.23
2020-12-18,'601598,中国外运,4.4,4.51,4.36,4.43,4.43,-0.03,-0.6772,1.8471,24965970,110610773.0,32563537050.0,5947203816.4
2020-12-17,'601598,中国外运,4.43,4.45,4.31,4.34,4.3,0.13,3.0233,2.7386,37015478,162934602.0,32785561166.2,5987752933.33
2020-12-16,'601598,中国外运,4.3,4.45,4.29,4.41,4.42,-0.12,-2.7149,1.8952,25616772,111568271.0,31823456662.5,5812040093.3
2020-12-15,'601598,中国外运,4.42,4.47,4.31,4.39,4.41,0.01,0.2268,1.7493,23643535,104031028.0,32711553127.5,5974236561.02
2020-12-14,'601598,中国外运,4.41,4.46,4.35,4.4,4.36,0.05,1.1468,2.1475,29026039,127634563.0,32637545088.8,5960720188.71
2020-12-11,'601598,中国外运,4.36,4.57,4.31,4.5,4.52,-0.16,-3.5398,3.0447,41153476,181124045.0,32267504895.0,5893138327.16
2020-12-10,'601598,中国外运,4.52,4.6,4.38,4.43,4.49,0.03,0.6682,3.0392,41078881,184906026.0,33451633515.0,6109400284.12
2020-12-09,'601598,中国外运,4.49,4.82,4.42,4.82,4.79,-0.3,-6.263,6.7486,91216150,413128358.0,33229609398.8,6068851167.19
2020-12-08,'601598,中国外运,4.79,4.91,4.75,4.91,4.85,-0.06,-1.2371,2.4736,33434629,160577803.0,35449850561.2,6474342336.49
2020-12-07,'601598,中国外运,4.85,5.03,4.84,5.01,5.0,-0.15,-3.0,2.3824,32201824,158030353.0,35893898793.8,6555440570.35
2020-12-04,'601598,中国外运,5.0,5.07,4.9,4.98,5.03,-0.03,-0.5964,3.4023,45987143,229005893.0,37004019375.0,6758186155.0
2020-12-03,'601598,中国外运,5.03,5.07,4.84,4.9,4.92,0.11,2.2358,5.1328,69376678,344594720.0,37226043491.2,6798735271.93
2020-12-02,'601598,中国外运,4.92,4.99,4.72,4.8,4.75,0.17,3.5789,5.0024,67614680,329922624.0,36411955065.0,6650055176.52
2020-12-01,'601598,中国外运,4.75,4.78,4.67,4.75,4.74,0.01,0.211,3.4232,46269107,219112956.0,35153818406.2,6420276847.25
2020-11-30,'601598,中国外运,4.74,4.88,4.74,4.82,4.83,-0.09,-1.8634,3.3356,45085308,217086936.0,35079810367.5,6406760474.94
2020-11-27,'601598,中国外运,4.83,4.93,4.72,4.84,4.85,-0.02,-0.4124,3.8265,51719948,248939784.0,35745882716.2,6528407825.73
2020-11-26,'601598,中国外运,4.85,4.95,4.79,4.94,4.88,-0.03,-0.6148,4.0696,55006618,266835602.0,35893898793.8,6555440570.35
2020-11-25,'601598,中国外运,4.88,5.25,4.87,5.18,5.06,-0.18,-3.5573,5.8648,79270785,395270022.0,36115922910.0,6595989687.28
2020-11-24,'601598,中国外运,5.06,5.16,4.98,5.05,5.05,0.01,0.198,8.2574,111609913,567564050.0,37448067607.5,6839284388.86
2020-11-23,'601598,中国外运,5.05,5.16,4.65,4.65,4.69,0.36,7.6759,14.3492,193948792,981756554.0,37374059568.8,6825768016.55
2020-11-20,'601598,中国外运,4.69,4.81,4.54,4.61,4.61,0.08,1.7354,4.2403,57313035,267783057.0,34709770173.8,6339178613.39
2020-11-19,'601598,中国外运,4.61,4.77,4.55,4.68,4.7,-0.09,-1.9149,3.476,46982368,217570988.0,34117705863.8,6231047634.91
2020-11-18,'601598,中国外运,4.7,4.83,4.65,4.81,4.79,-0.09,-1.8789,4.9016,66251830,313474159.0,34783778212.5,6352694985.7
2020-11-17,'601598,中国外运,4.79,4.9,4.5,4.59,4.6,0.19,4.1304,7.4383,100539245,474410043.0,35449850561.2,6474342336.49
2020-11-16,'601598,中国外运,4.6,4.84,4.54,4.7,4.53,0.07,1.5453,4.977,67270660,312731829.0,34043697825.0,6217531262.6
2020-11-13,'601598,中国外运,4.53,4.62,4.47,4.56,4.62,-0.09,-1.9481,3.7298,50413700,228119153.0,33525641553.8,6122916656.43
2020-11-12,'601598,中国外运,4.62,4.76,4.51,4.62,4.54,0.08,1.7621,5.2119,70445704,326814091.0,34191713902.5,6244564007.22
2020-11-11,'601598,中国外运,4.54,4.88,4.52,4.85,4.78,-0.24,-5.0209,7.123,96276943,447421206.0,33599649592.5,6136433028.74
2020-11-10,'601598,中国外运,4.78,4.95,4.7,4.95,4.9,-0.12,-2.449,10.817,146206620,706596864.0,35375842522.5,6460825964.18
2020-11-09,'601598,中国外运,4.9,4.9,4.43,4.43,4.45,0.45,10.1124,6.4294,86902575,418447474.0,36263938987.5,6623022431.9
2020-11-06,'601598,中国外运,4.45,4.68,4.38,4.48,4.49,-0.04,-0.8909,6.4035,86551553,389754871.0,32933577243.8,6014785677.95
2020-11-05,'601598,中国外运,4.49,4.54,4.36,4.41,4.39,0.1,2.2779,4.2107,56913407,254006610.0,33229609398.8,6068851167.19
2020-11-04,'601598,中国外运,4.39,4.47,4.35,4.39,4.39,0.0,0.0,3.8538,52088835,229221634.0,32489529011.2,5933687444.09
2020-11-03,'601598,中国外运,4.39,4.47,4.33,4.47,4.42,-0.03,-0.6787,4.6839,63309598,277768735.0,32489529011.2,5933687444.09
2020-11-02,'601598,中国外运,4.42,4.48,4.09,4.1,4.08,0.34,8.3333,9.128,123376903,539693221.0,32711553127.5,5974236561.02
2020-10-30,'601598,中国外运,4.08,4.18,4.07,4.12,4.11,-0.03,-0.7299,3.2308,43668130,180147532.0,30195279810.0,5514679902.48
2020-10-29,'601598,中国外运,4.11,4.16,3.97,4.02,4.07,0.04,0.9828,2.9068,39288761,161322826.0,30417303926.2,5555229019.41
2020-10-28,'601598,中国外运,4.07,4.09,3.92,4.06,4.07,0.0,0.0,2.9732,40187096,161127556.0,30121271771.2,5501163530.17
2020-10-27,'601598,中国外运,4.07,4.17,4.02,4.02,4.06,0.01,0.2463,2.8627,38693897,158048869.0,30121271771.2,5501163530.17
2020-10-26,'601598,中国外运,4.06,4.19,4.01,4.19,4.23,-0.17,-4.0189,3.2316,43679648,178294630.0,30047263732.5,5487647157.86
2020-10-23,'601598,中国外运,4.23,4.3,4.17,4.21,4.24,-0.01,-0.2358,2.5342,34253451,145290997.0,31305400391.2,5717425487.13
2020-10-22,'601598,中国外运,4.24,4.3,4.11,4.14,4.14,0.1,2.4155,3.8606,52180924,220285374.0,31379408430.0,5730941859.44
2020-10-21,'601598,中国外运,4.14,4.19,4.09,4.1,4.11,0.03,0.7299,2.1545,29121238,120373322.0,30639328042.5,5595778136.34
2020-10-20,'601598,中国外运,4.11,4.13,4.02,4.06,4.08,0.03,0.7353,2.4441,33035105,134636745.0,30417303926.2,5555229019.41
2020-10-19,'601598,中国外运,4.08,4.21,4.07,4.16,4.16,-0.08,-1.9231,2.9614,40027758,165240139.0,30195279810.0,5514679902.48
2020-10-16,'601598,中国外运,4.16,4.22,4.1,4.14,4.15,0.01,0.241,2.6813,36241425,150516836.0,30787344120.0,5622810880.96
2020-10-15,'601598,中国外运,4.15,4.2,4.02,4.07,4.1,0.05,1.2195,3.9017,52736162,218154000.0,30713336081.2,5609294508.65
2020-10-14,'601598,中国外运,4.1,4.27,3.95,3.97,3.95,0.15,3.7975,5.9139,79934310,330580041.0,30343295887.5,5541712647.1
2020-10-13,'601598,中国外运,3.95,4.03,3.88,4.03,4.03,-0.08,-1.9851,3.2128,43424800,170907931.0,29233175306.2,5338967062.45
2020-10-12,'601598,中国外运,4.03,4.03,3.76,3.79,3.77,0.26,6.8966,5.2806,71373937,280935209.0,29825239616.2,5447098040.93
2020-10-09,'601598,中国外运,3.77,3.84,3.73,3.76,3.67,0.1,2.7248,1.6629,22476297,84761098.0,27901030608.8,5095672360.87
2020-09-30,'601598,中国外运,3.67,3.71,3.64,3.7,3.69,-0.02,-0.542,1.108,14975532,55085534.0,27160950221.2,4960508637.77
2020-09-29,'601598,中国外运,3.69,3.72,3.67,3.7,3.69,0.0,0.0,0.9729,13150559,48625478.0,27308966298.8,4987541382.39
2020-09-28,'601598,中国外运,3.69,3.73,3.68,3.7,3.7,-0.01,-0.2703,1.0948,14797906,54730258.0,27308966298.8,4987541382.39
2020-09-25,'601598,中国外运,3.7,3.78,3.66,3.77,3.74,-0.04,-1.0695,1.3484,18225298,67726882.0,27382974337.5,5001057754.7
2020-09-24,'601598,中国外运,3.74,3.85,3.74,3.83,3.87,-0.13,-3.3592,2.2584,30525976,115393929.0,27679006492.5,5055123243.94
2020-09-23,'601598,中国外运,3.87,3.92,3.81,3.88,3.85,0.02,0.5195,3.0382,41065871,158213792.0,28641110996.2,5230836083.97
2020-09-22,'601598,中国外运,3.85,3.95,3.83,3.89,3.95,-0.1,-2.5316,3.6801,49741617,193340109.0,28493094918.8,5203803339.35
2020-09-21,'601598,中国外运,3.95,4.03,3.76,3.79,3.78,0.17,4.4974,5.6969,77000886,299715933.0,29233175306.2,5338967062.45
2020-09-18,'601598,中国外运,3.78,3.8,3.7,3.73,3.75,0.03,0.8,3.0967,41855635,156699768.0,27975038647.5,5109188733.18
2020-09-17,'601598,中国外运,3.75,3.75,3.64,3.68,3.68,0.07,1.9022,2.8362,38335632,142357457.0,27753014531.2,5068639616.25
2020-09-16,'601598,中国外运,3.68,3.74,3.65,3.67,3.68,0.0,0.0,2.5549,34532937,127657128.0,27234958260.0,4974025010.08
2020-09-15,'601598,中国外运,3.68,3.71,3.63,3.71,3.71,-0.03,-0.8086,2.814,38035661,139393510.0,27234958260.0,4974025010.08
2020-09-14,'601598,中国外运,3.71,3.75,3.69,3.74,3.75,-0.04,-1.0667,2.9107,39342284,146055370.0,27456982376.2,5014574127.01
2020-09-11,'601598,中国外运,3.75,3.79,3.67,3.76,3.81,-0.06,-1.5748,4.3159,58334664,217585654.0,27753014531.2,5068639616.25
2020-09-10,'601598,中国外运,3.81,3.99,3.78,3.9,3.75,0.06,1.6,7.5369,101871808,396891659.0,28197062763.8,5149737850.11
2020-09-09,'601598,中国外运,3.75,3.86,3.72,3.77,3.83,-0.08,-2.0888,4.5782,61881008,233655450.0,27753014531.2,5068639616.25
2020-09-08,'601598,中国外运,3.83,3.86,3.75,3.79,3.75,0.08,2.1333,4.3511,58811366,223912448.0,28345078841.2,5176770594.73
2020-09-07,'601598,中国外运,3.75,3.91,3.75,3.85,3.93,-0.18,-4.5802,6.9696,94203447,360121207.0,27753014531.2,5068639616.25
2020-09-04,'601598,中国外运,3.93,4.12,3.84,4.04,4.21,-0.28,-6.6508,12.7044,171718033,681196582.0,29085159228.8,5311934317.83
2020-09-03,'601598,中国外运,4.21,4.75,4.15,4.75,4.43,-0.22,-4.9661,19.5241,263894364,1167045766.0,31157384313.8,5690392742.51
2020-09-02,'601598,中国外运,4.43,4.43,4.38,4.43,4.03,0.4,9.9256,6.2647,84676188,375054648.0,32785561166.2,5987752933.33
2020-09-01,'601598,中国外运,4.03,4.03,3.64,3.66,3.66,0.37,10.1093,5.9885,80942431,312588641.0,29825239616.2,5447098040.93
2020-08-31,'601598,中国外运,3.66,3.72,3.59,3.59,3.59,0.07,1.9499,3.1875,43083088,157936615.0,27086942182.5,4946992265.46
2020-08-28,'601598,中国外运,3.59,3.64,3.53,3.61,3.61,-0.02,-0.554,2.1368,28882207,103476245.0,26568885911.2,4852377659.29
2020-08-27,'601598,中国外运,3.61,3.64,3.55,3.6,3.59,0.02,0.5571,1.8013,24347333,87475111.0,26716901988.8,4879410403.91
2020-08-26,'601598,中国外运,3.59,3.67,3.51,3.51,3.52,0.07,1.9886,3.2953,44540533,160400033.0,26568885911.2,4852377659.29
2020-08-25,'601598,中国外运,3.52,3.61,3.5,3.54,3.58,-0.06,-1.676,2.1866,29554775,104834056.0,26050829640.0,4757763053.12
2020-08-24,'601598,中国外运,3.58,3.74,3.48,3.48,3.47,0.11,3.17,5.4062,73071823,264856814.0,26494877872.5,4838861286.98
2020-08-21,'601598,中国外运,3.47,3.49,3.44,3.44,3.43,0.04,1.1662,1.1068,14959997,51826993.0,25680789446.2,4690181191.57
2020-08-20,'601598,中国外运,3.43,3.48,3.42,3.45,3.47,-0.04,-1.1527,1.8758,25354458,87348353.0,25384757291.2,4636115702.33
2020-08-19,'601598,中国外运,3.47,3.53,3.46,3.5,3.52,-0.05,-1.4205,1.8204,24604987,85952078.0,25680789446.2,4690181191.57
2020-08-18,'601598,中国外运,3.52,3.54,3.49,3.53,3.54,-0.02,-0.565,1.3549,18313543,64352858.0,26050829640.0,4757763053.12
2020-08-17,'601598,中国外运,3.54,3.56,3.5,3.52,3.5,0.04,1.1429,1.9527,26393465,93213752.0,26198845717.5,4784795797.74
2020-08-14,'601598,中国外运,3.5,3.52,3.43,3.46,3.46,0.04,1.1561,1.5741,21275520,74066897.0,25902813562.5,4730730308.5
2020-08-13,'601598,中国外运,3.46,3.51,3.43,3.46,3.45,0.01,0.2899,1.5463,20900753,72624974.0,25606781407.5,4676664819.26
2020-08-12,'601598,中国外运,3.45,3.45,3.38,3.39,3.41,0.04,1.173,1.5141,20465502,69797343.0,25532773368.8,4663148446.95
2020-08-11,'601598,中国外运,3.41,3.52,3.4,3.43,3.43,-0.02,-0.5831,2.1305,28796716,99829646.0,25236741213.8,4609082957.71
2020-08-10,'601598,中国外运,3.43,3.44,3.33,3.35,3.36,0.07,2.0833,1.5156,20485946,69813720.0,25384757291.2,4636115702.33
2020-08-07,'601598,中国外运,3.36,3.39,3.32,3.38,3.39,-0.03,-0.885,1.3262,17925018,60160969.0,24866701020.0,4541501096.16
2020-08-06,'601598,中国外运,3.39,3.44,3.36,3.43,3.43,-0.04,-1.1662,1.1476,15511490,52658536.0,25088725136.2,4582050213.09
2020-08-05,'601598,中国外运,3.43,3.45,3.39,3.45,3.45,-0.02,-0.5797,1.1809,15961480,54533348.0,25384757291.2,4636115702.33
2020-08-04,'601598,中国外运,3.45,3.46,3.41,3.45,3.45,0.0,0.0,1.6466,22256433,76448081.0,25532773368.8,4663148446.95
2020-08-03,'601598,中国外运,3.45,3.45,3.4,3.41,3.39,0.06,1.7699,1.7316,23404707,80333976.0,25532773368.8,4663148446.95
2020-07-31,'601598,中国外运,3.39,3.43,3.35,3.37,3.38,0.01,0.2959,1.1977,16188994,54900751.0,25088725136.2,4582050213.09
2020-07-30,'601598,中国外运,3.38,3.45,3.37,3.39,3.4,-0.02,-0.5882,1.3347,18040393,61383431.0,25014717097.5,4568533840.78
2020-07-29,'601598,中国外运,3.4,3.4,3.29,3.33,3.33,0.07,2.1021,1.659,22423170,75414015.0,25162733175.0,4595566585.4
2020-07-28,'601598,中国外运,3.33,3.37,3.32,3.35,3.35,-0.02,-0.597,1.0026,13552086,45319324.0,24644676903.8,4500951979.23
2020-07-27,'601598,中国外运,3.35,3.36,3.27,3.31,3.31,0.04,1.2085,1.7743,23982232,79751249.0,24792692981.2,4527984723.85
2020-07-24,'601598,中国外运,3.31,3.44,3.29,3.42,3.44,-0.13,-3.7791,2.2745,30742955,102963311.0,24496660826.2,4473919234.61
2020-07-23,'601598,中国外运,3.44,3.47,3.34,3.44,3.46,-0.02,-0.578,2.9728,40181780,136916369.0,25458765330.0,4649632074.64
2020-07-22,'601598,中国外运,3.46,3.53,3.44,3.5,3.48,-0.02,-0.5747,1.8004,24334832,84734711.0,25606781407.5,4676664819.26
2020-07-21,'601598,中国外运,3.48,3.63,3.46,3.54,3.53,-0.05,-1.4164,2.291,30965400,109291929.0,25754797485.0,4703697563.88
2020-07-20,'601598,中国外运,3.53,3.57,3.39,3.39,3.36,0.17,5.0595,3.6519,49360138,172003006.0,26124837678.8,4771279425.43
2020-07-17,'601598,中国外运,3.36,3.43,3.33,3.41,3.39,-0.03,-0.885,1.87,25276184,85479045.0,24866701020.0,4541501096.16
2020-07-16,'601598,XD中国外,3.39,3.59,3.38,3.59,3.58,-0.19,-5.3073,2.7883,37687838,131728819.0,25088725136.2,4582050213.09
2020-07-15,'601598,中国外运,3.7,3.83,3.69,3.8,3.81,-0.11,-2.8871,2.7811,37589754,140577177.0,27382974337.5,5001057754.7
2020-07-14,'601598,中国外运,3.81,3.82,3.72,3.8,3.8,0.01,0.2632,2.6855,36297859,136862274.0,28197062763.8,5149737850.11
2020-07-13,'601598,中国外运,3.8,3.82,3.71,3.71,3.72,0.08,2.1505,2.6399,35681340,134456643.0,28123054725.0,5136221477.8
2020-07-10,'601598,中国外运,3.72,3.81,3.7,3.79,3.8,-0.08,-2.1053,2.5733,34782019,130562393.0,27530990415.0,5028090499.32
2020-07-09,'601598,中国外运,3.8,3.87,3.74,3.77,3.74,0.06,1.6043,3.9824,53827482,204763527.0,28123054725.0,5136221477.8
2020-07-08,'601598,中国外运,3.74,3.78,3.67,3.68,3.71,0.03,0.8086,3.8614,52192300,194436845.0,27679006492.5,5055123243.94
2020-07-07,'601598,中国外运,3.71,3.86,3.69,3.83,3.85,-0.14,-3.6364,6.129,82842410,312029953.0,27456982376.2,5014574127.01
2020-07-06,'601598,中国外运,3.85,3.96,3.72,3.75,3.67,0.18,4.9046,7.9878,107965704,413923433.0,28493094918.8,5203803339.35
2020-07-03,'601598,中国外运,3.67,3.67,3.36,3.37,3.34,0.33,9.8802,5.8492,79060217,277956452.0,27160950221.2,4960508637.77
2020-07-02,'601598,中国外运,3.34,3.34,3.23,3.24,3.25,0.09,2.7692,2.0165,27255230,89924623.0,24718684942.5,4514468351.54
2020-07-01,'601598,中国外运,3.25,3.25,3.2,3.23,3.23,0.02,0.6192,0.9819,13271889,42752280.0,24052612593.8,4392821000.75
2020-06-30,'601598,中国外运,3.23,3.25,3.22,3.23,3.21,0.02,0.6231,0.6045,8170280,26449942.0,23904596516.2,4365788256.13
2020-06-29,'601598,中国外运,3.21,3.23,3.2,3.22,3.24,-0.03,-0.9259,0.6244,8439040,27129662.0,23756580438.8,4338755511.51
2020-06-24,'601598,中国外运,3.24,3.27,3.23,3.26,3.27,-0.03,-0.9174,0.7516,10159175,32971047.0,23978604555.0,4379304628.44
2020-06-23,'601598,中国外运,3.27,3.29,3.25,3.28,3.27,0.0,0.0,0.6671,9016508,29432281.0,24200628671.2,4419853745.37
2020-06-22,'601598,中国外运,3.27,3.3,3.27,3.29,3.29,-0.02,-0.6079,0.621,8394235,27544692.0,24200628671.2,4419853745.37
2020-06-19,'601598,中国外运,3.29,3.31,3.28,3.29,3.29,0.0,0.0,0.8985,12144301,39959457.0,24348644748.8,4446886489.99
2020-06-18,'601598,中国外运,3.29,3.3,3.25,3.27,3.27,0.02,0.6116,0.7389,9987752,32792789.0,24348644748.8,4446886489.99
2020-06-17,'601598,中国外运,3.27,3.28,3.25,3.26,3.27,0.0,0.0,0.6359,8594575,28062615.0,24200628671.2,4419853745.37
2020-06-16,'601598,中国外运,3.27,3.28,3.25,3.26,3.25,0.02,0.6154,0.7102,9599719,31349246.0,24200628671.2,4419853745.37
2020-06-15,'601598,中国外运,3.25,3.28,3.24,3.27,3.29,-0.04,-1.2158,0.7866,10632453,34678880.0,24052612593.8,4392821000.75
2020-06-12,'601598,中国外运,3.29,3.29,3.22,3.25,3.28,0.01,0.3049,0.9861,13328925,43432040.0,24348644748.8,4446886489.99
2020-06-11,'601598,中国外运,3.28,3.34,3.28,3.34,3.34,-0.06,-1.7964,1.0164,13738000,45474101.0,24274636710.0,4433370117.68
2020-06-10,'601598,中国外运,3.34,3.37,3.33,3.37,3.37,-0.03,-0.8902,0.8464,11439709,38274693.0,24718684942.5,4514468351.54
2020-06-09,'601598,中国外运,3.37,3.38,3.35,3.38,3.38,-0.01,-0.2959,0.743,10042329,33752492.0,24940709058.8,4555017468.47
2020-06-08,'601598,中国外运,3.38,3.38,3.35,3.38,3.36,0.02,0.5952,0.9002,12166885,40967197.0,25014717097.5,4568533840.78
2020-06-05,'601598,中国外运,3.36,3.37,3.33,3.35,3.35,0.01,0.2985,0.7115,9616456,32201110.0,24866701020.0,4541501096.16
2020-06-04,'601598,中国外运,3.35,3.38,3.33,3.37,3.35,0.0,0.0,0.699,9448271,31630760.0,24792692981.2,4527984723.85
2020-06-03,'601598,中国外运,3.35,3.39,3.34,3.39,3.37,-0.02,-0.5935,1.082,14624810,49204088.0,24792692981.2,4527984723.85
2020-06-02,'601598,中国外运,3.37,3.38,3.31,3.33,3.33,0.04,1.2012,1.3091,17693768,59426814.0,24940709058.8,4555017468.47
2020-06-01,'601598,中国外运,3.33,3.34,3.28,3.28,3.29,0.04,1.2158,1.2234,16536289,54912335.0,24644676903.8,4500951979.23
2020-05-29,'601598,中国外运,3.29,3.3,3.25,3.3,3.27,0.02,0.6116,0.9292,12559367,41134682.0,24348644748.8,4446886489.99
2020-05-28,'601598,中国外运,3.27,3.3,3.24,3.28,3.29,-0.02,-0.6079,0.7621,10300156,33622696.0,24200628671.2,4419853745.37
2020-05-27,'601598,中国外运,3.29,3.32,3.22,3.25,3.25,0.04,1.2308,1.2187,16472447,53883698.0,24348644748.8,4446886489.99
2020-05-26,'601598,中国外运,3.25,3.25,3.22,3.22,3.22,0.03,0.9317,0.4746,6415055,20779763.0,24052612593.8,4392821000.75
2020-05-25,'601598,中国外运,3.22,3.26,3.21,3.23,3.25,-0.03,-0.9231,0.6221,8408557,27165281.0,23830588477.5,4352271883.82
2020-05-22,'601598,中国外运,3.25,3.29,3.24,3.27,3.28,-0.03,-0.9146,0.6988,9445174,30774976.0,24052612593.8,4392821000.75
2020-05-21,'601598,中国外运,3.28,3.3,3.26,3.29,3.28,0.0,0.0,0.5394,7290501,23894906.0,24274636710.0,4433370117.68
2020-05-20,'601598,中国外运,3.28,3.3,3.27,3.29,3.32,-0.04,-1.2048,0.7443,10059922,32989933.0,24274636710.0,4433370117.68
2020-05-19,'601598,中国外运,3.32,3.34,3.3,3.33,3.32,0.0,0.0,1.0208,13797495,45780622.0,24570668865.0,4487435606.92
2020-05-18,'601598,中国外运,3.32,3.38,3.24,3.27,3.27,0.05,1.5291,1.5791,21343685,70402312.0,24570668865.0,4487435606.92
2020-05-15,'601598,中国外运,3.27,3.3,3.26,3.27,3.27,0.0,0.0,0.6486,8766072,28731968.0,24200628671.2,4419853745.37
2020-05-14,'601598,中国外运,3.27,3.29,3.26,3.29,3.29,-0.02,-0.6079,0.6838,9242419,30251617.0,24200628671.2,4419853745.37
2020-05-13,'601598,中国外运,3.29,3.31,3.28,3.31,3.32,-0.03,-0.9036,0.7018,9486175,31266973.0,24348644748.8,4446886489.99
2020-05-12,'601598,中国外运,3.32,3.35,3.31,3.35,3.35,-0.03,-0.8955,0.6329,8554501,28397576.0,24570668865.0,4487435606.92
2020-05-11,'601598,中国外运,3.35,3.37,3.3,3.31,3.3,0.05,1.5152,1.2869,17394726,58105640.0,24792692981.2,4527984723.85
2020-05-08,'601598,中国外运,3.3,3.33,3.29,3.31,3.3,0.0,0.0,0.6717,9079208,30014356.0,24422652787.5,4460402862.3
2020-05-07,'601598,中国外运,3.3,3.35,3.28,3.32,3.3,0.0,0.0,1.02,13787141,45660884.0,24422652787.5,4460402862.3
2020-05-06,'601598,中国外运,3.3,3.31,3.21,3.22,3.26,0.04,1.227,1.145,15475715,50672626.0,24422652787.5,4460402862.3
2020-04-30,'601598,中国外运,3.26,3.28,3.21,3.21,3.2,0.06,1.875,0.9632,13019070,42411484.0,24126620632.5,4406337373.06
2020-04-29,'601598,中国外运,3.2,3.21,3.18,3.21,3.21,-0.01,-0.3115,0.9237,12485225,39880340.0,23682572400.0,4325239139.2
2020-04-28,'601598,中国外运,3.21,3.3,3.19,3.3,3.29,-0.08,-2.4316,1.4869,20097653,64855695.0,23756580438.8,4338755511.51
2020-04-27,'601598,中国外运,3.29,3.34,3.28,3.32,3.34,-0.05,-1.497,1.2503,16898917,55954570.0,24348644748.8,4446886489.99
2020-04-24,'601598,中国外运,3.34,3.38,3.32,3.38,3.39,-0.05,-1.4749,1.0844,14656906,48987172.0,24718684942.5,4514468351.54
2020-04-23,'601598,中国外运,3.39,3.42,3.35,3.37,3.37,0.02,0.5935,1.3535,18294691,62014471.0,25088725136.2,4582050213.09
2020-04-22,'601598,中国外运,3.37,3.37,3.32,3.33,3.36,0.01,0.2976,0.8273,11182592,37391046.0,24940709058.8,4555017468.47
2020-04-21,'601598,中国外运,3.36,3.4,3.34,3.37,3.38,-0.02,-0.5917,0.9841,13301712,44734390.0,24866701020.0,4541501096.16
2020-04-20,'601598,中国外运,3.38,3.4,3.36,3.39,3.39,-0.01,-0.295,0.9085,12279607,41522077.0,25014717097.5,4568533840.78
2020-04-17,'601598,中国外运,3.39,3.44,3.37,3.39,3.39,0.0,0.0,0.9195,12428530,42233185.0,25088725136.2,4582050213.09
2020-04-16,'601598,中国外运,3.39,3.4,3.36,3.38,3.4,-0.01,-0.2941,0.704,9515056,32171241.0,25088725136.2,4582050213.09
2020-04-15,'601598,中国外运,3.4,3.44,3.39,3.41,3.41,-0.01,-0.2933,0.9166,12388438,42203559.0,25162733175.0,4595566585.4
2020-04-14,'601598,中国外运,3.41,3.41,3.38,3.39,3.38,0.03,0.8876,0.8853,11966186,40613822.0,25236741213.8,4609082957.71
2020-04-13,'601598,中国外运,3.38,3.41,3.37,3.4,3.42,-0.04,-1.1696,0.8367,11309596,38294930.0,25014717097.5,4568533840.78
2020-04-10,'601598,中国外运,3.42,3.48,3.41,3.48,3.47,-0.05,-1.4409,0.9715,13131097,45152828.0,25310749252.5,4622599330.02
2020-04-09,'601598,中国外运,3.47,3.5,3.45,3.49,3.48,-0.01,-0.2874,1.1955,16159060,56069237.0,25680789446.2,4690181191.57
2020-04-08,'601598,中国外运,3.48,3.5,3.46,3.5,3.51,-0.03,-0.8547,1.3491,18234399,63410475.0,25754797485.0,4703697563.88
2020-04-07,'601598,中国外运,3.51,3.52,3.48,3.48,3.45,0.06,1.7391,1.4558,19677010,68831430.0,25976821601.2,4744246680.81
2020-04-03,'601598,中国外运,3.45,3.48,3.42,3.48,3.48,-0.03,-0.8621,0.8407,11363615,39176225.0,25532773368.8,4663148446.95
2020-04-02,'601598,中国外运,3.48,3.48,3.41,3.41,3.45,0.03,0.8696,0.7956,10753127,37063202.0,25754797485.0,4703697563.88
2020-04-01,'601598,中国外运,3.45,3.52,3.42,3.49,3.5,-0.05,-1.4286,1.0363,14007351,48734769.0,25532773368.8,4663148446.95
2020-03-31,'601598,中国外运,3.5,3.52,3.45,3.47,3.45,0.05,1.4493,1.297,17531220,61152171.0,25902813562.5,4730730308.5
2020-03-30,'601598,中国外运,3.45,3.47,3.39,3.45,3.48,-0.03,-0.8621,1.2077,16324149,55908951.0,25532773368.8,4663148446.95
2020-03-27,'601598,中国外运,3.48,3.55,3.46,3.49,3.46,0.02,0.578,1.1633,15724145,54899160.0,25754797485.0,4703697563.88
2020-03-26,'601598,中国外运,3.46,3.51,3.45,3.51,3.51,-0.05,-1.4245,1.0029,13554940,47141197.0,25606781407.5,4676664819.26
2020-03-25,'601598,中国外运,3.51,3.56,3.43,3.48,3.4,0.11,3.2353,2.2506,30419517,106298401.0,25976821601.2,4744246680.81
2020-03-24,'601598,中国外运,3.4,3.42,3.37,3.4,3.36,0.04,1.1905,1.1912,16100724,54670021.0,25162733175.0,4595566585.4
2020-03-23,'601598,中国外运,3.36,3.44,3.34,3.43,3.51,-0.15,-4.2735,1.7805,24066290,81650509.0,24866701020.0,4541501096.16
2020-03-20,'601598,中国外运,3.51,3.52,3.43,3.5,3.47,0.04,1.1527,1.3739,18569849,64635563.0,25976821601.2,4744246680.81
2020-03-19,'601598,中国外运,3.47,3.53,3.42,3.52,3.51,-0.04,-1.1396,1.8635,25187158,87299804.0,25680789446.2,4690181191.57
2020-03-18,'601598,中国外运,3.51,3.63,3.5,3.57,3.56,-0.05,-1.4045,1.7636,23837983,85099954.0,25976821601.2,4744246680.81
2020-03-17,'601598,中国外运,3.56,3.67,3.5,3.63,3.64,-0.08,-2.1978,2.0688,27962575,99876618.0,26346861795.0,4811828542.36
2020-03-16,'601598,中国外运,3.64,3.79,3.6,3.77,3.74,-0.1,-2.6738,2.5689,34722458,128506545.0,26938926105.0,4919959520.84
2020-03-13,'601598,中国外运,3.74,3.8,3.65,3.7,3.85,-0.11,-2.8571,3.7065,50098344,186376688.0,27679006492.5,5055123243.94
2020-03-12,'601598,中国外运,3.85,3.96,3.69,3.78,3.8,0.05,1.3158,4.3185,58370513,223452299.0,28493094918.8,5203803339.35
2020-03-11,'601598,中国外运,3.8,3.88,3.77,3.79,3.78,0.02,0.5291,3.0609,41372489,158766074.0,28123054725.0,5136221477.8
2020-03-10,'601598,中国外运,3.78,3.8,3.63,3.68,3.74,0.04,1.0695,2.7949,37777222,140143055.0,27975038647.5,5109188733.18
2020-03-09,'601598,中国外运,3.74,3.88,3.74,3.78,3.83,-0.09,-2.3499,2.7694,37431999,142625054.0,27679006492.5,5055123243.94
2020-03-06,'601598,中国外运,3.83,3.87,3.79,3.82,3.87,-0.04,-1.0336,2.2895,30946146,118509494.0,28345078841.2,5176770594.73
2020-03-05,'601598,中国外运,3.87,3.9,3.76,3.79,3.76,0.11,2.9255,3.4828,47075034,180840567.0,28641110996.2,5230836083.97
2020-03-04,'601598,中国外运,3.76,3.77,3.7,3.71,3.74,0.02,0.5348,1.5191,20533140,76754375.0,27827022570.0,5082155988.56
2020-03-03,'601598,中国外运,3.74,3.83,3.71,3.71,3.69,0.05,1.355,2.5098,33924055,127439412.0,27679006492.5,5055123243.94
2020-03-02,'601598,中国外运,3.69,3.71,3.57,3.57,3.58,0.11,3.0726,1.7321,23411220,85676460.0,27308966298.8,4987541382.39
2020-02-28,'601598,中国外运,3.58,3.68,3.56,3.67,3.73,-0.15,-4.0214,2.6335,35595112,128680110.0,26494877872.5,4838861286.98
2020-02-27,'601598,中国外运,3.73,3.78,3.72,3.76,3.77,-0.04,-1.061,1.4557,19676445,73662952.0,27604998453.8,5041606871.63
2020-02-26,'601598,中国外运,3.77,3.81,3.65,3.66,3.71,0.06,1.6173,2.5711,34751342,130378877.0,27901030608.8,5095672360.87
2020-02-25,'601598,中国外运,3.71,3.74,3.64,3.72,3.8,-0.09,-2.3684,2.6723,36120046,133489034.0,27456982376.2,5014574127.01
2020-02-24,'601598,中国外运,3.8,3.86,3.78,3.84,3.87,-0.07,-1.8088,2.2755,30756454,117096824.0,28123054725.0,5136221477.8
2020-02-21,'601598,中国外运,3.87,3.88,3.82,3.85,3.85,0.02,0.5195,1.8455,24945127,96255306.0,28641110996.2,5230836083.97
2020-02-20,'601598,中国外运,3.85,3.86,3.78,3.8,3.79,0.06,1.5831,2.0537,27759183,105964076.0,28493094918.8,5203803339.35
2020-02-19,'601598,中国外运,3.79,3.83,3.77,3.8,3.8,-0.01,-0.2632,1.6284,22010399,83742928.0,28049046686.2,5122705105.49
2020-02-18,'601598,中国外运,3.8,3.84,3.76,3.79,3.81,-0.01,-0.2625,1.9512,26372589,100034968.0,28123054725.0,5136221477.8
2020-02-17,'601598,中国外运,3.81,3.82,3.68,3.69,3.66,0.15,4.0984,2.8206,38124437,143519418.0,28197062763.8,5149737850.11
2020-02-14,'601598,中国外运,3.66,3.67,3.63,3.64,3.65,0.01,0.274,1.05,14192611,51855261.0,27086942182.5,4946992265.46
2020-02-13,'601598,中国外运,3.65,3.75,3.65,3.72,3.73,-0.08,-2.1448,1.5773,21319038,78516358.0,27012934143.8,4933475893.15
2020-02-12,'601598,中国外运,3.73,3.74,3.68,3.72,3.71,0.02,0.5391,1.4183,19170360,71082045.0,27604998453.8,5041606871.63
2020-02-11,'601598,中国外运,3.71,3.78,3.68,3.7,3.7,0.01,0.2703,1.847,24964472,93042005.0,27456982376.2,5014574127.01
2020-02-10,'601598,中国外运,3.7,3.71,3.63,3.66,3.68,0.02,0.5435,1.5574,21050962,77388209.0,27382974337.5,5001057754.7
2020-02-07,'601598,中国外运,3.68,3.7,3.6,3.67,3.71,-0.03,-0.8086,2.2199,30005574,109224682.0,27234958260.0,4974025010.08
2020-02-06,'601598,中国外运,3.71,3.72,3.54,3.6,3.59,0.12,3.3426,2.5618,34626307,126631760.0,27456982376.2,5014574127.01
2020-02-05,'601598,中国外运,3.59,3.65,3.54,3.58,3.55,0.04,1.1268,1.9285,26066435,93847999.0,26568885911.2,4852377659.29
2020-02-04,'601598,中国外运,3.55,3.68,3.45,3.45,3.7,-0.15,-4.0541,2.7202,36767426,130978949.0,26272853756.2,4798312170.05
2020-02-03,'601598,中国外运,3.7,3.7,3.7,3.7,4.11,-0.41,-9.9757,0.8649,11689900,43252630.0,27382974337.5,5001057754.7
2020-01-23,'601598,中国外运,4.11,4.18,4.06,4.17,4.19,-0.08,-1.9093,1.5646,21147854,87089320.0,30417303926.2,5555229019.41
2020-01-22,'601598,中国外运,4.19,4.21,4.14,4.19,4.2,-0.01,-0.2381,0.9802,13248578,55311062.0,31009368236.2,5663359997.89
2020-01-21,'601598,中国外运,4.2,4.27,4.19,4.26,4.28,-0.08,-1.8692,1.5634,21131616,89130003.0,31083376275.0,5676876370.2
2020-01-20,'601598,中国外运,4.28,4.28,4.24,4.26,4.26,0.02,0.4695,0.9686,13092556,55712243.0,31675440585.0,5785007348.68
2020-01-17,'601598,中国外运,4.26,4.29,4.24,4.28,4.28,-0.02,-0.4673,1.1177,15106842,64442948.0,31527424507.5,5757974604.06
2020-01-16,'601598,中国外运,4.28,4.33,4.26,4.32,4.31,-0.03,-0.6961,1.6568,22393521,95864069.0,31675440585.0,5785007348.68
2020-01-15,'601598,中国外运,4.31,4.44,4.29,4.44,4.43,-0.12,-2.7088,3.2185,43503099,188686139.0,31897464701.2,5825556465.61
2020-01-14,'601598,中国外运,4.43,4.49,4.32,4.33,4.32,0.11,2.5463,4.5007,60833066,268730597.0,32785561166.2,5987752933.33
2020-01-13,'601598,中国外运,4.32,4.33,4.27,4.31,4.32,0.0,0.0,0.9123,12331419,53008697.0,31971472740.0,5839072837.92
2020-01-10,'601598,中国外运,4.32,4.35,4.29,4.31,4.3,0.02,0.4651,1.1525,15577323,67266473.0,31971472740.0,5839072837.92
2020-01-09,'601598,中国外运,4.3,4.34,4.26,4.3,4.27,0.03,0.7026,1.5634,21132000,90912074.0,31823456662.5,5812040093.3
2020-01-08,'601598,中国外运,4.27,4.38,4.27,4.35,4.37,-0.1,-2.2883,2.0818,28138382,121742098.0,31601432546.2,5771490976.37
2020-01-07,'601598,中国外运,4.37,4.37,4.27,4.28,4.28,0.09,2.1028,2.0706,27986737,121426401.0,32341512933.8,5906654699.47
2020-01-06,'601598,中国外运,4.28,4.32,4.25,4.28,4.3,-0.02,-0.4651,1.5084,20388689,87394223.0,31675440585.0,5785007348.68
2020-01-03,'601598,中国外运,4.3,4.34,4.27,4.32,4.32,-0.02,-0.463,1.4727,19906135,85691051.0,31823456662.5,5812040093.3
2020-01-02,'601598,中国外运,4.32,4.35,4.28,4.29,4.26,0.06,1.4085,1.6757,22649790,97890767.0,31971472740.0,5839072837.92
2019-12-31,'601598,中国外运,4.26,4.26,4.2,4.23,4.23,0.03,0.7092,0.9609,12988529,55130832.0,31527424507.5,5757974604.06
2019-12-30,'601598,中国外运,4.23,4.24,4.13,4.19,4.2,0.03,0.7143,1.275,17233981,72275077.0,31305400391.2,5717425487.13
2019-12-27,'601598,中国外运,4.2,4.26,4.19,4.2,4.2,0.0,0.0,1.2481,16869523,71211302.0,31083376275.0,5676876370.2
2019-12-26,'601598,中国外运,4.2,4.2,4.17,4.18,4.18,0.02,0.4785,0.8818,11919333,49855179.0,31083376275.0,5676876370.2
2019-12-25,'601598,中国外运,4.18,4.22,4.17,4.19,4.2,-0.02,-0.4762,0.9036,12212991,51217088.0,30935360197.5,5649843625.58
2019-12-24,'601598,中国外运,4.2,4.21,4.16,4.18,4.18,0.02,0.4785,0.9333,12614395,52744219.0,31083376275.0,5676876370.2
2019-12-23,'601598,中国外运,4.18,4.31,4.17,4.28,4.31,-0.13,-3.0162,1.5564,21036873,89207533.0,30935360197.5,5649843625.58
2019-12-20,'601598,中国外运,4.31,4.34,4.3,4.31,4.32,-0.01,-0.2315,1.0634,14372696,62025101.0,31897464701.2,5825556465.61
2019-12-19,'601598,中国外运,4.32,4.34,4.29,4.33,4.32,0.0,0.0,1.4031,18964192,81752707.0,31971472740.0,5839072837.92
2019-12-18,'601598,中国外运,4.32,4.38,4.31,4.34,4.34,-0.02,-0.4608,1.3596,18376630,79880229.0,31971472740.0,5839072837.92
2019-12-17,'601598,中国外运,4.34,4.38,4.26,4.29,4.29,0.05,1.1655,2.1295,28783535,124706508.0,32119488817.5,5866105582.54
2019-12-16,'601598,中国外运,4.29,4.29,4.2,4.21,4.2,0.09,2.1429,2.0741,28034685,119263792.0,31749448623.8,5798523720.99
2019-12-13,'601598,中国外运,4.2,4.24,4.18,4.21,4.17,0.03,0.7194,2.3685,32014035,134720769.0,31083376275.0,5676876370.2
2019-12-12,'601598,中国外运,4.17,4.2,4.16,4.19,4.2,-0.03,-0.7143,1.0,13516971,56501567.0,30861352158.8,5636327253.27
2019-12-11,'601598,中国外运,4.2,4.2,4.17,4.19,4.2,0.0,0.0,0.9561,12923615,54088815.0,31083376275.0,5676876370.2
2019-12-10,'601598,中国外运,4.2,4.21,4.16,4.2,4.21,-0.01,-0.2375,1.2414,16779603,70165818.0,31083376275.0,5676876370.2
2019-12-09,'601598,中国外运,4.21,4.22,4.17,4.2,4.22,-0.01,-0.237,0.7666,10362024,43504009.0,31157384313.8,5690392742.51
2019-12-06,'601598,中国外运,4.22,4.22,4.17,4.2,4.21,0.01,0.2375,0.9394,12697470,53220578.0,31231392352.5,5703909114.82
2019-12-05,'601598,中国外运,4.21,4.24,4.2,4.24,4.25,-0.04,-0.9412,1.292,17463020,73633035.0,31157384313.8,5690392742.51
2019-12-04,'601598,中国外运,4.25,4.28,4.18,4.2,4.23,0.02,0.4728,1.7175,23214287,98328046.0,31453416468.8,5744458231.75
2019-12-03,'601598,中国外运,4.23,4.24,4.12,4.12,4.11,0.12,2.9197,1.9193,25941838,108844236.0,31305400391.2,5717425487.13
2019-12-02,'601598,中国外运,4.11,4.15,4.1,4.11,4.11,0.0,0.0,0.6193,8370460,34530326.0,30417303926.2,5555229019.41
2019-11-29,'601598,中国外运,4.11,4.11,4.08,4.11,4.1,0.01,0.2439,0.5248,7093047,29043566.0,30417303926.2,5555229019.41
2019-11-28,'601598,中国外运,4.1,4.13,4.09,4.11,4.12,-0.02,-0.4854,0.6049,8176686,33597549.0,30343295887.5,5541712647.1
2019-11-27,'601598,中国外运,4.12,4.17,4.11,4.13,4.09,0.03,0.7335,0.8504,11493985,47528478.0,30491311965.0,5568745391.72
2019-11-26,'601598,中国外运,4.09,4.21,4.09,4.18,4.19,-0.1,-2.3866,1.878,25383450,105493657.0,30269287848.8,5528196274.79
2019-11-25,'601598,中国外运,4.19,4.2,4.12,4.13,4.12,0.07,1.699,1.0468,14148620,58973524.0,31009368236.2,5663359997.89
2019-11-22,'601598,中国外运,4.12,4.17,4.09,4.11,4.13,-0.01,-0.2421,0.8903,12034074,49637064.0,30491311965.0,5568745391.72
2019-11-21,'601598,中国外运,4.13,4.23,4.06,4.08,4.09,0.04,0.978,1.3163,17791523,73801932.0,30565320003.8,5582261764.03
2019-11-20,'601598,中国外运,4.09,4.15,4.08,4.14,4.14,-0.05,-1.2077,0.6578,8891600,36502973.0,30269287848.8,5528196274.79
2019-11-19,'601598,中国外运,4.14,4.16,4.06,4.07,4.07,0.07,1.7199,0.9,12165174,50136282.0,30639328042.5,5595778136.34
2019-11-18,'601598,中国外运,4.07,4.09,4.05,4.06,4.07,0.0,0.0,0.5231,7069829,28792815.0,30121271771.2,5501163530.17
2019-11-15,'601598,中国外运,4.07,4.1,4.05,4.1,4.09,-0.02,-0.489,0.5637,7619644,31079071.0,30121271771.2,5501163530.17
2019-11-14,'601598,中国外运,4.09,4.1,4.07,4.09,4.08,0.01,0.2451,0.625,8448283,34495661.0,30269287848.8,5528196274.79
2019-11-13,'601598,中国外运,4.08,4.11,4.06,4.1,4.1,-0.02,-0.4878,0.5024,6790596,27721635.0,30195279810.0,5514679902.48
2019-11-12,'601598,中国外运,4.1,4.13,4.05,4.13,4.11,-0.01,-0.2433,0.849,11475347,46875246.0,30343295887.5,5541712647.1
2019-11-11,'601598,中国外运,4.11,4.24,4.1,4.23,4.23,-0.12,-2.8369,0.9876,13349080,55454725.0,30417303926.2,5555229019.41
2019-11-08,'601598,中国外运,4.23,4.27,4.22,4.25,4.22,0.01,0.237,0.6872,9287851,39445908.0,31305400391.2,5717425487.13
2019-11-07,'601598,中国外运,4.22,4.23,4.18,4.2,4.2,0.02,0.4762,0.4606,6225698,26233638.0,31231392352.5,5703909114.82
2019-11-06,'601598,中国外运,4.2,4.24,4.19,4.24,4.25,-0.05,-1.1765,0.6446,8712396,36716461.0,31083376275.0,5676876370.2
2019-11-05,'601598,中国外运,4.25,4.25,4.2,4.23,4.22,0.03,0.7109,0.7296,9861115,41724306.0,31453416468.8,5744458231.75
2019-11-04,'601598,中国外运,4.22,4.24,4.2,4.21,4.2,0.02,0.4762,0.6985,9441795,39872974.0,31231392352.5,5703909114.82
2019-11-01,'601598,中国外运,4.2,4.23,4.16,4.17,4.18,0.02,0.4785,0.7179,9703994,40712120.0,31083376275.0,5676876370.2
2019-10-31,'601598,中国外运,4.18,4.24,4.18,4.22,4.22,-0.04,-0.9479,0.7812,10559151,44484108.0,30935360197.5,5649843625.58
2019-10-30,'601598,中国外运,4.22,4.28,4.21,4.25,4.27,-0.05,-1.171,0.7848,10607806,44907328.0,31231392352.5,5703909114.82
2019-10-29,'601598,中国外运,4.27,4.37,4.25,4.36,4.37,-0.1,-2.2883,1.3848,18716978,80494436.0,31601432546.2,5771490976.37
2019-10-28,'601598,中国外运,4.37,4.38,4.25,4.28,4.27,0.1,2.3419,1.4769,19962270,86305045.0,32341512933.8,5906654699.47
2019-10-25,'601598,中国外运,4.27,4.3,4.21,4.23,4.23,0.04,0.9456,0.8839,11947471,50833569.0,31601432546.2,5771490976.37
2019-10-24,'601598,中国外运,4.23,4.26,4.22,4.25,4.23,0.0,0.0,0.6327,8551683,36227869.0,31305400391.2,5717425487.13
2019-10-23,'601598,中国外运,4.23,4.29,4.22,4.29,4.28,-0.05,-1.1682,0.8408,11364931,48278149.0,31305400391.2,5717425487.13
2019-10-22,'601598,中国外运,4.28,4.31,4.22,4.23,4.23,0.05,1.182,0.8623,11655192,49611112.0,31675440585.0,5785007348.68
2019-10-21,'601598,中国外运,4.23,4.27,4.18,4.22,4.24,-0.01,-0.2358,1.1702,15816246,66689430.0,31305400391.2,5717425487.13
2019-10-18,'601598,中国外运,4.24,4.36,4.22,4.36,4.35,-0.11,-2.5287,1.3562,18330619,78594566.0,31379408430.0,5730941859.44
2019-10-17,'601598,中国外运,4.35,4.41,4.33,4.39,4.4,-0.05,-1.1364,0.9446,12767187,55802698.0,32193496856.2,5879621954.85
2019-10-16,'601598,中国外运,4.4,4.46,4.38,4.41,4.41,-0.01,-0.2268,1.3431,18154397,80093486.0,32563537050.0,5947203816.4
2019-10-15,'601598,中国外运,4.41,4.46,4.36,4.46,4.48,-0.07,-1.5625,1.6334,22077834,97227196.0,32637545088.8,5960720188.71
2019-10-14,'601598,中国外运,4.48,4.56,4.46,4.53,4.45,0.03,0.6742,2.2242,30062547,135548335.0,33155601360.0,6055334794.88
2019-10-11,'601598,中国外运,4.45,4.48,4.42,4.48,4.5,-0.05,-1.1111,1.6599,22435202,99867297.0,32933577243.8,6014785677.95
2019-10-10,'601598,中国外运,4.5,4.57,4.4,4.43,4.45,0.05,1.1236,2.9203,39471400,176838721.0,33303617437.5,6082367539.5
2019-10-09,'601598,中国外运,4.45,4.6,4.26,4.26,4.29,0.16,3.7296,2.7283,36877063,162867332.0,32933577243.8,6014785677.95
2019-10-08,'601598,中国外运,4.29,4.33,4.22,4.22,4.25,0.04,0.9412,1.0651,14396543,61633991.0,31749448623.8,5798523720.99
2019-09-30,'601598,中国外运,4.25,4.34,4.2,4.2,4.17,0.08,1.9185,1.709,23099219,98672910.0,31453416468.8,5744458231.75
2019-09-27,'601598,中国外运,4.17,4.19,4.15,4.18,4.17,0.0,0.0,1.029,13908592,58005362.0,30861352158.8,5636327253.27
2019-09-26,'601598,中国外运,4.17,4.25,4.15,4.23,4.19,-0.02,-0.4773,0.977,13206061,55240737.0,30861352158.8,5636327253.27
2019-09-25,'601598,中国外运,4.19,4.26,4.18,4.26,4.27,-0.08,-1.8735,1.135,15340635,64556691.0,31009368236.2,5663359997.89
2019-09-24,'601598,中国外运,4.27,4.33,4.26,4.29,4.29,-0.02,-0.4662,0.9086,12280851,52690508.0,31601432546.2,5771490976.37
2019-09-23,'601598,中国外运,4.29,4.36,4.27,4.34,4.37,-0.08,-1.8307,0.9576,12943214,55530519.0,31749448623.8,5798523720.99
2019-09-20,'601598,中国外运,4.37,4.4,4.33,4.34,4.34,0.03,0.6912,1.0402,14059694,61321835.0,32341512933.8,5906654699.47
2019-09-19,'601598,中国外运,4.34,4.37,4.29,4.35,4.35,-0.01,-0.2299,0.9586,12957063,56016501.0,32119488817.5,5866105582.54
2019-09-18,'601598,中国外运,4.35,4.39,4.33,4.37,4.36,-0.01,-0.2294,0.9652,13046106,56862406.0,32193496856.2,5879621954.85
2019-09-17,'601598,中国外运,4.36,4.48,4.35,4.47,4.48,-0.12,-2.6786,1.7537,23703796,104622891.0,32267504895.0,5893138327.16
2019-09-16,'601598,中国外运,4.48,4.54,4.47,4.52,4.49,-0.01,-0.2227,1.4577,19702958,88670543.0,33155601360.0,6055334794.88
2019-09-12,'601598,中国外运,4.49,4.52,4.46,4.47,4.47,0.02,0.4474,1.4727,19906157,89461277.0,33229609398.8,6068851167.19
2019-09-11,'601598,中国外运,4.47,4.51,4.46,4.49,4.48,-0.01,-0.2232,1.3813,18670613,83772172.0,33081593321.2,6041818422.57
2019-09-10,'601598,中国外运,4.48,4.56,4.45,4.54,4.55,-0.07,-1.5385,2.3945,32364311,145251130.0,33155601360.0,6055334794.88
2019-09-09,'601598,中国外运,4.55,4.57,4.51,4.54,4.52,0.03,0.6637,1.8652,25211342,114353300.0,33673657631.2,6149949401.05
2019-09-06,'601598,中国外运,4.52,4.54,4.48,4.52,4.56,-0.04,-0.8772,2.0958,28327841,127658324.0,33451633515.0,6109400284.12
2019-09-05,'601598,中国外运,4.56,4.64,4.54,4.58,4.58,-0.02,-0.4367,3.871,52321912,239874783.0,33747665670.0,6163465773.36
2019-09-04,'601598,中国外运,4.58,4.65,4.42,4.48,4.42,0.16,3.6199,4.2244,57098988,259057234.0,33895681747.5,6190498517.98
2019-09-03,'601598,中国外运,4.42,4.48,4.35,4.46,4.48,-0.06,-1.3393,2.5723,34768238,153230307.0,32711553127.5,5974236561.02
2019-09-02,'601598,中国外运,4.48,4.5,4.43,4.45,4.47,0.01,0.2237,1.9105,25823110,115484862.0,33155601360.0,6055334794.88
2019-08-30,'601598,中国外运,4.47,4.6,4.46,4.56,4.62,-0.15,-3.2468,2.8357,38327759,173601326.0,33081593321.2,6041818422.57
2019-08-29,'601598,中国外运,4.62,4.67,4.4,4.44,4.44,0.18,4.0541,5.1303,69343017,315691373.0,34191713902.5,6244564007.22
2019-08-28,'601598,中国外运,4.44,4.5,4.41,4.43,4.46,-0.02,-0.4484,1.931,26099522,115984289.0,32859569205.0,6001269305.64
2019-08-27,'601598,中国外运,4.46,4.48,4.38,4.38,4.43,0.03,0.6772,2.7053,36565350,162052845.0,33007585282.5,6028302050.26
2019-08-26,'601598,中国外运,4.43,4.48,4.24,4.27,4.38,0.05,1.1416,2.8014,37864563,163978253.0,32785561166.2,5987752933.33
2019-08-23,'601598,中国外运,4.38,4.39,4.25,4.29,4.24,0.14,3.3019,2.8612,38673391,167359788.0,32415520972.5,5920171071.78
2019-08-22,'601598,中国外运,4.24,4.28,4.2,4.25,4.25,-0.01,-0.2353,0.9118,12324845,52153776.0,31379408430.0,5730941859.44
2019-08-21,'601598,中国外运,4.25,4.3,4.19,4.2,4.22,0.03,0.7109,1.2839,17353620,73887201.0,31453416468.8,5744458231.75
2019-08-20,'601598,中国外运,4.22,4.31,4.21,4.22,4.25,-0.03,-0.7059,1.4424,19496566,82955499.0,31231392352.5,5703909114.82
2019-08-19,'601598,中国外运,4.25,4.27,4.15,4.2,4.13,0.12,2.9056,1.9872,26859952,113248884.0,31453416468.8,5744458231.75
2019-08-16,'601598,中国外运,4.13,4.15,4.05,4.06,4.07,0.06,1.4742,1.3222,17871628,73438263.0,30565320003.8,5582261764.03
2019-08-15,'601598,中国外运,4.07,4.08,3.97,4.0,4.09,-0.02,-0.489,0.9169,12393391,49909420.0,30121271771.2,5501163530.17
2019-08-14,'601598,中国外运,4.09,4.13,4.08,4.13,4.06,0.03,0.7389,0.9045,12225419,50193049.0,30269287848.8,5528196274.79
2019-08-13,'601598,中国外运,4.06,4.09,4.05,4.08,4.12,-0.06,-1.4563,0.7091,9584582,38948951.0,30047263732.5,5487647157.86
2019-08-12,'601598,中国外运,4.12,4.12,4.04,4.09,4.1,0.02,0.4878,0.8997,12160034,49610009.0,30491311965.0,5568745391.72
2019-08-09,'601598,中国外运,4.1,4.22,4.06,4.09,4.07,0.03,0.7371,1.9242,26008547,107515495.0,30343295887.5,5541712647.1
2019-08-08,'601598,中国外运,4.07,4.09,4.05,4.05,4.05,0.02,0.4938,0.9167,12390318,50401605.0,30121271771.2,5501163530.17
2019-08-07,'601598,中国外运,4.05,4.08,4.03,4.06,4.07,-0.02,-0.4914,0.958,12949202,52569672.0,29973255693.8,5474130785.55
2019-08-06,'601598,中国外运,4.07,4.11,3.97,4.1,4.21,-0.14,-3.3254,2.4618,33274622,134523009.0,30121271771.2,5501163530.17
2019-08-05,'601598,中国外运,4.21,4.26,4.19,4.24,4.29,-0.08,-1.8648,1.2024,16252641,68638233.0,31157384313.8,5690392742.51
2019-08-02,'601598,中国外运,4.29,4.34,4.23,4.31,4.43,-0.14,-3.1603,1.9029,25719698,110237841.0,31749448623.8,5798523720.99
2019-08-01,'601598,中国外运,4.43,4.47,4.41,4.46,4.48,-0.05,-1.1161,1.2193,16480198,73052679.0,32785561166.2,5987752933.33
2019-07-31,'601598,中国外运,4.48,4.52,4.46,4.51,4.53,-0.05,-1.1038,0.8774,11859639,53165042.0,33155601360.0,6055334794.88
2019-07-30,'601598,中国外运,4.53,4.54,4.5,4.51,4.51,0.02,0.4435,0.9446,12768160,57755640.0,33525641553.8,6122916656.43
2019-07-29,'601598,中国外运,4.51,4.54,4.49,4.51,4.52,-0.01,-0.2212,0.7568,10228876,46119457.0,33377625476.2,6095883911.81
2019-07-26,'601598,中国外运,4.52,4.53,4.46,4.51,4.51,0.01,0.2217,1.4102,19060649,85703224.0,33451633515.0,6109400284.12
2019-07-25,'601598,中国外运,4.51,4.54,4.51,4.54,4.54,-0.03,-0.6608,1.1241,15193086,68661444.0,33377625476.2,6095883911.81
2019-07-24,'601598,中国外运,4.54,4.58,4.52,4.53,4.53,0.01,0.2208,1.2339,16677921,75887640.0,33599649592.5,6136433028.74
2019-07-23,'601598,中国外运,4.53,4.54,4.5,4.51,4.52,0.01,0.2212,1.016,13732242,62040980.0,33525641553.8,6122916656.43
2019-07-22,'601598,中国外运,4.52,4.67,4.51,4.66,4.67,-0.15,-3.212,1.6746,22635008,103073190.0,33451633515.0,6109400284.12
2019-07-19,'601598,XD中国外,4.67,4.73,4.64,4.65,4.64,0.03,0.6466,1.203,16260792,76096022.0,34561754096.2,6312145868.77
2019-07-18,'601598,中国外运,4.77,4.82,4.76,4.81,4.84,-0.07,-1.4463,0.9352,12640765,60482010.0,35301834483.8,6447309591.87
2019-07-17,'601598,中国外运,4.84,4.86,4.79,4.81,4.82,0.02,0.4149,1.1561,15625875,75521326.0,35819890755.0,6541924198.04
2019-07-16,'601598,中国外运,4.82,4.83,4.78,4.8,4.81,0.01,0.2079,0.8034,10859389,52150591.0,35671874677.5,6514891453.42
2019-07-15,'601598,中国外运,4.81,4.82,4.71,4.75,4.77,0.04,0.8386,1.1163,15088547,72039269.0,35597866638.8,6501375081.11
2019-07-12,'601598,中国外运,4.77,4.8,4.74,4.78,4.74,0.03,0.6329,0.8978,12134710,57917307.0,35301834483.8,6447309591.87
2019-07-11,'601598,中国外运,4.74,4.81,4.72,4.78,4.76,-0.02,-0.4202,1.0924,14765823,70403669.0,35079810367.5,6406760474.94
2019-07-10,'601598,中国外运,4.76,4.82,4.75,4.8,4.83,-0.07,-1.4493,0.9205,12441633,59486518.0,35227826445.0,6433793219.56
2019-07-09,'601598,中国外运,4.83,4.86,4.73,4.74,4.77,0.06,1.2579,1.4308,19339297,92715252.0,35745882716.2,6528407825.73
2019-07-08,'601598,中国外运,4.77,4.92,4.76,4.91,4.95,-0.18,-3.6364,2.1613,29212976,140485626.0,35301834483.8,6447309591.87
2019-07-05,'601598,中国外运,4.95,4.99,4.87,4.91,4.87,0.08,1.6427,2.3007,31097416,153615802.0,36633979181.2,6690604293.45
2019-07-04,'601598,中国外运,4.87,4.91,4.83,4.86,4.85,0.02,0.4124,1.1956,16160393,78702571.0,36041914871.2,6582473314.97
2019-07-03,'601598,中国外运,4.85,4.91,4.84,4.91,4.92,-0.07,-1.4228,1.5886,21472072,104486680.0,35893898793.8,6555440570.35
2019-07-02,'601598,中国外运,4.92,4.97,4.9,4.97,4.96,-0.04,-0.8065,1.8083,24441753,120240073.0,36411955065.0,6650055176.52
2019-07-01,'601598,中国外运,4.96,4.96,4.85,4.89,4.79,0.17,3.5491,3.0629,41398992,203733491.0,36707987220.0,6704120665.76
2019-06-28,'601598,中国外运,4.79,4.85,4.76,4.83,4.83,-0.04,-0.8282,1.4033,18967551,90890786.0,35449850561.2,6474342336.49
2019-06-27,'601598,中国外运,4.83,4.87,4.82,4.83,4.82,0.01,0.2075,1.4034,18968315,91786940.0,35745882716.2,6528407825.73
2019-06-26,'601598,中国外运,4.82,4.85,4.78,4.8,4.83,-0.01,-0.207,1.137,15367762,74116009.0,35671874677.5,6514891453.42
2019-06-25,'601598,中国外运,4.83,4.9,4.77,4.9,4.9,-0.07,-1.4286,2.3734,32080056,154489348.0,35745882716.2,6528407825.73
2019-06-24,'601598,中国外运,4.9,4.98,4.88,4.98,4.97,-0.07,-1.4085,2.0904,28254308,139109072.0,36263938987.5,6623022431.9
2019-06-21,'601598,中国外运,4.97,5.0,4.94,5.0,4.98,-0.01,-0.2008,3.1171,42131420,209355986.0,36781995258.8,6717637038.07
2019-06-20,'601598,中国外运,4.98,5.01,4.83,4.86,4.87,0.11,2.2587,3.3938,45871385,226479870.0,36856003297.5,6731153410.38
2019-06-19,'601598,中国外运,4.87,4.9,4.82,4.86,4.77,0.1,2.0964,2.894,39116766,190079121.0,36041914871.2,6582473314.97
2019-06-18,'601598,中国外运,4.77,4.81,4.75,4.79,4.8,-0.03,-0.625,1.1095,14996466,71661804.0,35301834483.8,6447309591.87
2019-06-17,'601598,中国外运,4.8,4.83,4.76,4.78,4.82,-0.02,-0.4149,1.2188,16473601,79043669.0,35523858600.0,6487858708.8
2019-06-14,'601598,中国外运,4.82,4.83,4.74,4.82,4.83,-0.01,-0.207,2.4009,32451915,155183817.0,35671874677.5,6514891453.42
2019-06-13,'601598,中国外运,4.83,4.84,4.76,4.78,4.79,0.04,0.8351,1.9113,25834027,124257328.0,35745882716.2,6528407825.73
2019-06-12,'601598,中国外运,4.79,4.89,4.78,4.89,4.89,-0.1,-2.045,2.8356,38327069,184781504.0,35449850561.2,6474342336.49
2019-06-11,'601598,中国外运,4.89,4.9,4.72,4.72,4.73,0.16,3.3827,3.9104,52854840,254483919.0,36189930948.8,6609506059.59
2019-06-10,'601598,中国外运,4.73,4.81,4.7,4.71,4.71,0.02,0.4246,2.1909,29612765,140806246.0,35005802328.8,6393244102.63
2019-06-06,'601598,中国外运,4.71,4.86,4.68,4.83,4.86,-0.15,-3.0864,2.9268,39560165,187510679.0,34857786251.2,6366211358.01
2019-06-05,'601598,中国外运,4.86,5.05,4.82,5.0,4.96,-0.1,-2.0161,3.6066,48747741,239483987.0,35967906832.5,6568956942.66
2019-06-04,'601598,中国外运,4.96,5.23,4.92,5.17,5.36,-0.4,-7.4627,7.0459,95234600,480992305.0,36707987220.0,6704120665.76
2019-06-03,'601598,中国外运,5.36,5.7,5.35,5.7,5.18,0.18,3.4749,10.7775,145672545,815215434.0,39668308770.0,7244775558.16
2019-05-31,'601598,中国外运,5.18,5.4,4.98,4.98,4.98,0.2,4.0161,4.932,66662106,343613623.0,38336164072.5,7001480856.58
2019-05-30,'601598,中国外运,4.98,5.0,4.9,4.92,4.99,-0.01,-0.2004,2.3562,31847377,157345063.0,36856003297.5,6731153410.38
2019-05-29,'601598,中国外运,4.99,5.03,4.8,4.88,4.86,0.13,2.6749,3.3409,45156859,222846834.0,36930011336.2,6744669782.69
2019-05-28,'601598,中国外运,4.86,4.99,4.8,4.83,4.82,0.04,0.8299,2.5275,34162860,166938486.0,35967906832.5,6568956942.66
2019-05-27,'601598,中国外运,4.82,4.82,4.67,4.7,4.69,0.13,2.7719,1.7009,22990552,109300596.0,35671874677.5,6514891453.42
2019-05-24,'601598,中国外运,4.69,4.72,4.65,4.65,4.69,0.0,0.0,1.0221,13815420,64778358.0,34709770173.8,6339178613.39
2019-05-23,'601598,中国外运,4.69,4.78,4.68,4.76,4.78,-0.09,-1.8828,1.171,15828040,74626175.0,34709770173.8,6339178613.39
2019-05-22,'601598,中国外运,4.78,4.86,4.75,4.85,4.85,-0.07,-1.4433,1.259,17016712,81703329.0,35375842522.5,6460825964.18
2019-05-21,'601598,中国外运,4.85,4.89,4.78,4.79,4.82,0.03,0.6224,1.3268,17933320,86875681.0,35893898793.8,6555440570.35
2019-05-20,'601598,中国外运,4.82,4.84,4.65,4.78,4.8,0.02,0.4167,1.6705,22578737,106829048.0,35671874677.5,6514891453.42
2019-05-17,'601598,中国外运,4.8,5.02,4.77,5.02,4.99,-0.19,-3.8076,2.0475,27675397,135050050.0,35523858600.0,6487858708.8
2019-05-16,'601598,中国外运,4.99,5.04,4.89,4.92,4.93,0.06,1.217,1.9664,26578570,132572254.0,36930011336.2,6744669782.69
2019-05-15,'601598,中国外运,4.93,4.95,4.88,4.88,4.85,0.08,1.6495,1.5456,20891496,102650384.0,36485963103.8,6663571548.83
2019-05-14,'601598,中国外运,4.85,4.93,4.83,4.86,4.95,-0.1,-2.0202,1.5333,20724648,100955484.0,35893898793.8,6555440570.35
2019-05-13,'601598,中国外运,4.95,4.98,4.9,4.94,5.01,-0.06,-1.1976,1.4446,19525791,96516104.0,36633979181.2,6690604293.45
2019-05-10,'601598,中国外运,5.01,5.08,4.76,4.92,4.88,0.13,2.6639,3.0249,40885220,203114372.0,37078027413.8,6771702527.31
2019-05-09,'601598,中国外运,4.88,4.93,4.76,4.79,4.84,0.04,0.8264,2.0976,28352519,138180888.0,36115922910.0,6595989687.28
2019-05-08,'601598,中国外运,4.84,4.9,4.65,4.77,4.86,-0.02,-0.4115,2.0602,27845867,133994908.0,35819890755.0,6541924198.04
2019-05-07,'601598,中国外运,4.86,4.92,4.75,4.82,4.79,0.07,1.4614,2.1307,28799489,139505773.0,35967906832.5,6568956942.66
2019-05-06,'601598,中国外运,4.79,5.15,4.77,5.12,5.29,-0.5,-9.4518,3.5687,48235629,239065679.0,35449850561.2,6474342336.49
2019-04-30,'601598,中国外运,5.29,5.34,5.2,5.2,5.23,0.06,1.1472,1.7096,23108242,122093967.0,39150252498.8,7150160951.99
2019-04-29,'601598,中国外运,5.23,5.6,5.11,5.56,5.56,-0.33,-5.9353,3.752,50713560,269493515.0,38706204266.2,7069062718.13
2019-04-26,'601598,中国外运,5.56,5.75,5.55,5.65,5.7,-0.14,-2.4561,2.7786,37555923,211082219.0,41148469545.0,7515103004.36
2019-04-25,'601598,中国外运,5.7,5.93,5.69,5.8,5.84,-0.14,-2.3973,2.9587,39991074,232563202.0,42184582087.5,7704332216.7
2019-04-24,'601598,中国外运,5.84,5.85,5.71,5.77,5.77,0.07,1.2132,2.025,27370875,158182931.0,43220694630.0,7893561429.04
2019-04-23,'601598,中国外运,5.77,5.89,5.72,5.88,5.89,-0.12,-2.0374,2.7087,36612436,211939145.0,42702638358.8,7798946822.87
2019-04-22,'601598,中国外运,5.89,6.04,5.88,6.01,6.0,-0.11,-1.8333,2.6472,35781135,212310276.0,43590734823.8,7961143290.59
2019-04-19,'601598,中国外运,6.0,6.02,5.9,5.98,5.97,0.03,0.5025,2.3509,31775206,189114902.0,44404823250.0,8109823386.0
2019-04-18,'601598,中国外运,5.97,6.08,5.97,6.07,6.08,-0.11,-1.8092,3.2034,43297675,260116422.0,44182799133.8,8069274269.07
2019-04-17,'601598,中国外运,6.08,6.14,6.04,6.09,6.09,-0.01,-0.1642,2.8751,38861042,236225146.0,44996887560.0,8217954364.48
2019-04-16,'601598,中国外运,6.09,6.1,5.87,5.95,6.0,0.09,1.5,3.4242,46283404,277281204.0,45070895598.8,8231470736.79
2019-04-15,'601598,中国外运,6.0,6.24,5.98,6.09,6.0,0.0,0.0,3.83,51767905,316139625.0,44404823250.0,8109823386.0
2019-04-12,'601598,中国外运,6.0,6.09,5.95,6.0,6.02,-0.02,-0.3322,2.8183,38092999,228502731.0,44404823250.0,8109823386.0
2019-04-11,'601598,中国外运,6.02,6.25,6.01,6.24,6.21,-0.19,-3.0596,4.15,56093484,342606665.0,44552839327.5,8136856130.62
2019-04-10,'601598,中国外运,6.21,6.27,6.13,6.21,6.29,-0.08,-1.2719,3.82,51633089,319601818.0,45958992063.8,8393667204.51
2019-04-09,'601598,中国外运,6.29,6.37,6.17,6.2,6.26,0.03,0.4792,3.8343,51826291,324885459.0,46551056373.8,8501798182.99
2019-04-08,'601598,中国外运,6.26,6.52,6.18,6.45,6.5,-0.24,-3.6923,7.3345,99135670,627310928.0,46329032257.5,8461249066.06
2019-04-04,'601598,中国外运,6.5,6.85,6.41,6.85,6.67,-0.17,-2.5487,11.8812,160591172,1053047734.0,48105225187.5,8785642001.5
2019-04-03,'601598,中国外运,6.67,6.79,6.07,6.12,6.17,0.5,8.1037,15.9221,215208589,1417461897.0,49363361846.2,9015420330.77
2019-04-02,'601598,中国外运,6.17,6.32,6.13,6.27,6.25,-0.08,-1.28,6.3796,86228939,536145666.0,45662959908.8,8339601715.27
2019-04-01,'601598,中国外运,6.25,6.35,5.93,5.96,5.92,0.33,5.5743,8.1935,110746680,680307868.0,46255024218.8,8447732693.75
2019-03-29,'601598,中国外运,5.92,5.93,5.67,5.71,5.74,0.18,3.1359,4.9287,66618762,388279783.0,43812758940.0,8001692407.52
2019-03-28,'601598,中国外运,5.74,5.95,5.68,5.8,5.83,-0.09,-1.5437,3.9123,52880641,306635122.0,42480614242.5,7758397705.94
2019-03-27,'601598,中国外运,5.83,5.87,5.71,5.83,5.8,0.03,0.5172,3.0469,41183178,238598422.0,43146686591.2,7880045056.73
2019-03-26,'601598,中国外运,5.8,6.06,5.69,5.99,5.95,-0.15,-2.521,4.2599,57579026,338397792.0,42924662475.0,7839495939.8
2019-03-25,'601598,中国外运,5.95,6.1,5.92,6.05,6.18,-0.23,-3.7217,5.1531,69651612,419085306.0,44034783056.2,8042241524.45
2019-03-22,'601598,中国外运,6.18,6.23,6.08,6.2,6.27,-0.09,-1.4354,4.8965,66183085,406984000.0,45736967947.5,8353118087.58
2019-03-21,'601598,中国外运,6.27,6.33,6.11,6.19,6.2,0.07,1.129,6.9893,94470620,589269051.0,46403040296.2,8474765438.37
2019-03-20,'601598,中国外运,6.2,6.32,6.01,6.15,6.15,0.05,0.813,5.1845,70075285,432314963.0,45884984025.0,8380150832.2
2019-03-19,'601598,中国外运,6.15,6.36,6.11,6.3,6.27,-0.12,-1.9139,5.1804,70019608,434723290.0,45514943831.2,8312568970.65
2019-03-18,'601598,中国外运,6.27,6.27,5.9,6.03,6.02,0.25,4.1528,6.1497,83121633,509272685.0,46403040296.2,8474765438.37
2019-03-15,'601598,中国外运,6.02,6.19,5.89,6.06,5.97,0.05,0.8375,5.7048,77108261,466362479.0,44552839327.5,8136856130.62
2019-03-14,'601598,中国外运,5.97,6.28,5.82,6.01,6.34,-0.37,-5.836,8.5513,115582236,694712750.0,44182799133.8,8069274269.07
2019-03-13,'601598,中国外运,6.34,6.88,6.32,6.88,7.02,-0.68,-9.6866,13.2146,178613425,1175071690.0,46921096567.5,8569380044.54
2019-03-12,'601598,中国外运,7.02,7.05,6.38,6.49,6.55,0.47,7.1756,17.7815,240341437,1599823828.0,51953643202.5,9488493361.62
2019-03-11,'601598,中国外运,6.55,7.17,6.25,6.92,6.94,-0.39,-5.6196,19.4692,263152778,1712359874.0,48475265381.2,8853223863.05
2019-03-08,'601598,中国外运,6.94,7.69,6.76,7.4,6.99,-0.05,-0.7153,28.1422,380380059,2805970399.0,51361578892.5,9380362383.14
2019-03-07,'601598,中国外运,6.99,6.99,6.7,6.91,6.35,0.64,10.0787,6.0785,82159598,565748968.0,51731619086.2,9447944244.69
2019-03-06,'601598,中国外运,6.35,6.35,5.71,5.79,5.77,0.58,10.052,15.9192,215170278,1332607576.0,46995104606.2,8582896416.85
2019-03-05,'601598,中国外运,5.77,5.78,5.51,5.6,5.65,0.12,2.1239,11.5179,155679774,883450383.0,42702638358.8,7798946822.87
2019-03-04,'601598,中国外运,5.65,5.82,5.3,5.33,5.29,0.36,6.8053,16.7832,226848144,1275669483.0,41814541893.8,7636750355.15
2019-03-01,'601598,中国外运,5.29,5.34,4.88,5.05,5.05,0.24,4.7525,9.1096,123129156,621284847.0,39150252498.8,7150160951.99
2019-02-28,'601598,中国外运,5.05,5.3,5.03,5.25,5.23,-0.18,-3.4417,7.6746,103733281,532583950.0,37374059568.8,6825768016.55
2019-02-27,'601598,中国外运,5.23,5.52,5.02,5.05,5.2,0.03,0.5769,13.1786,178126757,926770652.0,38706204266.2,7069062718.13
2019-02-26,'601598,中国外运,5.2,5.25,4.73,4.8,4.77,0.43,9.0147,17.0195,230042062,1187143017.0,38484180150.0,7028513601.2
2019-02-25,'601598,中国外运,4.77,4.79,4.56,4.58,4.56,0.21,4.6053,8.9932,121555286,569895949.0,35301834483.8,6447309591.87
2019-02-22,'601598,中国外运,4.56,4.56,4.42,4.47,4.49,0.07,1.559,4.3081,58229341,261134983.0,33747665670.0,6163465773.36
2019-02-21,'601598,中国外运,4.49,4.57,4.46,4.54,4.54,-0.05,-1.1013,4.5286,61209724,276962544.0,33229609398.8,6068851167.19
2019-02-20,'601598,中国外运,4.54,4.59,4.48,4.57,4.61,-0.07,-1.5184,4.621,62459808,283289621.0,33599649592.5,6136433028.74
2019-02-19,'601598,中国外运,4.61,4.81,4.41,4.42,4.42,0.19,4.2986,9.8011,132475598,609388703.0,34117705863.8,6231047634.91
2019-02-18,'601598,中国外运,4.42,4.43,4.33,4.34,4.32,0.1,2.3148,4.7908,64754537,284074737.0,32711553127.5,5974236561.02
2019-02-15,'601598,中国外运,4.32,4.4,4.31,4.39,4.41,-0.09,-2.0408,3.9993,54056261,235508516.0,31971472740.0,5839072837.92
2019-02-14,'601598,中国外运,4.41,4.45,4.36,4.42,4.44,-0.03,-0.6757,4.2858,57928631,254735761.0,32637545088.8,5960720188.71
2019-02-13,'601598,中国外运,4.44,4.49,4.34,4.38,4.37,0.07,1.6018,5.5966,75645125,333576643.0,32859569205.0,6001269305.64
2019-02-12,'601598,中国外运,4.37,4.4,4.32,4.33,4.4,-0.03,-0.6818,3.7837,51141975,222974455.0,32341512933.8,5906654699.47
2019-02-11,'601598,中国外运,4.4,4.43,4.16,4.21,4.2,0.2,4.7619,5.4499,73662965,315448277.0,32563537050.0,5947203816.4
2019-02-01,'601598,中国外运,4.2,4.23,4.11,4.13,4.09,0.11,2.6895,3.3952,45890740,192134569.0,31083376275.0,5676876370.2
2019-01-31,'601598,中国外运,4.09,4.36,4.04,4.32,4.35,-0.26,-5.977,5.5788,75405494,316350790.0,30269287848.8,5528196274.79
2019-01-30,'601598,中国外运,4.35,4.45,4.25,4.28,4.32,0.03,0.6944,3.8336,51816287,226122420.0,32193496856.2,5879621954.85
2019-01-29,'601598,中国外运,4.32,4.52,4.25,4.5,4.55,-0.23,-5.0549,5.9935,81010139,352349007.0,31971472740.0,5839072837.92
2019-01-28,'601598,中国外运,4.55,4.87,4.52,4.8,4.78,-0.23,-4.8117,7.3109,98816428,463572859.0,33673657631.2,6149949401.05
2019-01-25,'601598,中国外运,4.78,4.94,4.75,4.88,4.92,-0.14,-2.8455,8.1599,110291755,531706815.0,35375842522.5,6460825964.18
2019-01-24,'601598,中国外运,4.92,5.18,4.92,5.11,5.2,-0.28,-5.3846,12.6651,171186758,866673895.0,36411955065.0,6650055176.52
2019-01-23,'601598,中国外运,5.2,5.27,5.04,5.15,5.19,0.01,0.1927,14.0124,189397168,978171622.0,38484180150.0,7028513601.2
2019-01-22,'601598,中国外运,5.19,5.38,5.1,5.25,5.38,-0.19,-3.5316,15.9848,216056327,1129668599.0,38410172111.2,7014997228.89
2019-01-21,'601598,中国外运,5.38,5.38,5.02,5.05,4.89,0.49,10.0204,20.2809,274124168,1417253068.0,39816324847.5,7271808302.78
2019-01-18,'601598,中国外运,4.89,5.7,4.77,5.3,5.24,-0.35,-6.6794,23.5533,318354563,1633168097.0,36189930948.8,6609506059.59
